author,created_utc,AOR,BIL,Medical,Eligibility,Background,FD,P1,P2,ECOPR
MinimumBenefit3564,2025-08-01 13:48:27,6 Jul,22 Jul,29 Jul,31 Jul,31 Jul,31 Jul,,,31 Jul
selective_mutist,2025-08-01 14:18:12,17 Jan,1 May,,,,6 Jun,,,
happinessunfolded,2025-08-01 20:44:55,28 Jun,10 Jul,,25 Jul,25 Jul,,,,29 Jul
MoveSuch7439,2025-08-01 23:13:16,11 Mar,24 Apr,,22 May,22 May,19 Jun,20 Jun,25 Jul,30 Jul
Disastrous-Spend-507,2025-08-02 08:53:35,,,,,,,9 Jul,,
PuzzleheadedWeek3150,2025-08-02 13:21:42,,,,,,24 Jul,30 Jul,,
Physical-Paint5037,2025-08-03 11:28:17,24 Jun,9 Jul,,,,21 Jul,28 Jul,,
Cold_Weather_8837,2025-08-03 11:31:53,22 Jul,,,,,,,,
MamboInMotion,2025-08-03 14:26:57,,,,,,,21 Jun,30 Jul,
Ayzed_,2025-08-03 14:57:58,3 Aug,,3 Aug,,,,,,
cake_builder96,2025-08-03 17:58:12,,,,,,16 Jul,24 Jul,,
Rich-Papaya-4154,2025-08-03 22:52:45,28 Apr,,30 May,,,,,,
Desperate_Scale_5319,2025-08-04 05:32:41,25 Jun,9 Jul,15 Jul,,,,,,
Sugarjacky,2025-08-04 21:41:49,,,,,,,25 Jul,,
ThenNefariousness667,2025-08-05 00:10:31,,,,,,,3 Jul,4 Aug,
DistrictFew7421,2025-08-05 10:21:48,28 Feb,,,,17 Apr,,23 Jul,,
WorryRare3245,2025-08-05 19:57:51,24 Jul,,,,,,,,
iammsr,2025-08-06 14:38:49,21 Jan,25 Feb,27 Feb,,27 Feb,,,,
soulful-se,2025-08-06 16:41:21,,,,,,,,,5 Aug
Turbulent-Body-9170,2025-08-07 14:49:42,7 Jul,24 Jul,30 Jul,,,,5 Aug,,
Regular-Local9786,2025-08-07 18:58:50,,,,,,,30 Jul,,
Impossible-Wafer3823,2025-08-08 09:09:22,10 Jun,31 Jul,14 Aug,,,,,,
ClassroomLost9829,2025-08-08 09:57:50,,,,,,,7 May,5 Jun,23 Jun
Hungry-Primary-878,2025-08-08 11:27:44,13 Jun,4 Jul,10 Jul,,,28 Jul,,,
danielep9627,2025-08-09 16:21:19,,,,,,5 Aug,,,
Awmirmohamad,2025-08-09 20:53:04,,,,,,,22 Jul,,
No-Cry841,2025-08-09 23:30:21,,,,,,,30 Jun,,
NoMeasurement6128,2025-08-11 12:39:10,,,,,,,18 Jul,11 Aug,
BackgroundGanache196,2025-08-11 15:56:42,,,,,,,8 Jul,,
angel0lz,2025-08-11 20:52:17,,,,,,3 Jun,5 Jun,,17 Jul
GStamets,2025-08-11 21:01:14,,,,,,17 Apr,23 Jul,,
Late_King_226,2025-08-11 21:37:19,27 Jul,30 Jul,1 Aug,,,,,,
Muted_Opportunity_52,2025-08-11 23:13:08,,,,,,6 Mar,,,
aviral3p,2025-08-12 07:00:00,15 Sep,,,,,9 Jul,10 Jul,6 Aug,11 Aug
BrunoF120,2025-08-12 10:51:15,14 Jul,31 Jul,31 Jul,,,,,,
Chintansinh,2025-08-12 13:36:23,25 Jul,12 Aug,12 Aug,,,,,,
Nomad_up,2025-08-12 16:08:05,20 Jun,9 Jul,16 Jul,,,22 Jul,25 Jul,12 Aug,
Educational_Can17,2025-08-12 20:11:39,,,,,,,,,25 Jun
Automatic-Pirate9999,2025-08-12 20:43:26,,,,,,5 Aug,12 Aug,,
Background_March_956,2025-08-12 21:28:39,4 Apr,13 Jun,2 Jul,,,,4 Jul,5 Aug,
Leodassparthy,2025-08-13 12:05:08,,,,,,,,1 Aug,
YogurtAny3113,2025-08-13 16:56:19,,,,,,14 Jul,22 Jul,13 Aug,
Ok-Chart-171,2025-08-13 17:34:33,,,,,,,25 Jul,,
ilovelanadelrey,2025-08-13 18:22:15,18 Apr,23 Jul,8 Aug,13 Aug,13 Aug,,,,
Kitchen_Ad_439,2025-08-14 01:37:21,30 Jun,15 Jul,18 Jul,,,,,,
Capable-Addendum-649,2025-08-14 01:40:42,11 May,9 Jul,28 Jun,,,,,,
VegetableGuess4850,2025-08-14 13:37:22,11 Aug,,,,,,,,
ivan729,2025-08-14 15:10:41,9 Jul,,,,,,,,
Sea-Weather-,2025-08-14 19:23:01,10 Jul,28 Jul,1 Aug,6 Aug,6 Aug,,22 Jul,14 Aug,
Acceptable-Bread-991,2025-08-15 06:39:34,12 Apr,,24 May,8 Aug,,,,,
rd12321,2025-08-15 13:35:12,,,,,,,18 Jul,12 Aug,15 Aug
Acrobatic_Prompt3,2025-08-15 13:59:27,,,,,,13 Aug,,,8 Jul
MajesticMany197,2025-08-15 15:32:45,8 Jul,25 Jul,7 Aug,,,,12 Aug,,
AloneAerie5230,2025-08-15 16:32:09,,,,,,,16 Jul,8 Aug,15 Aug
rockayosa84,2025-08-15 16:40:17,,,,,,,16 Jul,12 Aug,14 Aug
Electronic_Bird_7427,2025-08-15 17:13:52,19 Jul,,6 Aug,,,15 Aug,15 Aug,,
Olaid007,2025-08-15 21:47:13,,,,,,,4 Aug,,
FalseIncrease6212,2025-08-16 08:39:34,,,,,,17 Jul,24 Jul,,
Dharmawick,2025-08-16 12:52:54,16 Jul,31 Jul,8 Nov,,,,,,
Antique-Tension4951,2025-08-16 16:07:49,15 May,20 Jun,20 Jun,,,9 Jul,17 Jul,9 Jun,
chefkoko,2025-08-16 18:52:22,,,,,,,,,1 Aug
Sudden_Inspector8843,2025-08-16 19:12:01,4 Jul,15 Aug,15 Aug,,,,,,
ellismcpickle99,2025-08-17 01:40:34,28 Mar,29 May,29 May,,,19 Jun,,,
Awkward-Stock-1671,2025-08-17 08:56:37,,,,,,,,6 Feb,
Nice-Nectarine-4740,2025-08-17 12:02:47,3 Jul,21 Jul,,,,31 Jul,5 Aug,,
Solid_Ad_3986,2025-08-18 09:21:07,,,,,,,21 Jul,13 Aug,
Choice-Name3596,2025-08-18 13:14:45,15 Jul,30 Jul,,,,,,,
ymerr_s,2025-08-18 13:15:51,26 Jul,13 Aug,14 Aug,,,,,,
PatientDeer446,2025-08-18 19:28:59,,,,,,,23 Jul,,
LimaEchoNovember,2025-08-18 20:41:04,21 Jul,,,,,,,,
Puzzleheaded_Link684,2025-08-18 21:20:42,,,,,,27 Jun,30 Jun,,
No_Dinner_3357,2025-08-19 04:23:44,7 Aug,,8 Jul,,,,,,
Living-Return5470,2025-08-19 12:33:07,1 Aug,,,,,,,,
No-Theory-2532,2025-08-19 14:45:47,,,,,,,25 Jul,4 Jun,
Sufficient-Fly-4688,2025-08-19 15:15:39,17 Jul,31 Jul,,,,16 Aug,18 Aug,,
Ok_Box_3594,2025-08-19 15:27:34,,,,,,,22 Jul,,
bellahellaboo,2025-08-19 16:18:09,,,,,,9 Jul,18 Jul,12 Aug,19 Aug
Chaotic_Cutlet,2025-08-19 19:02:57,21 Jul,7 Aug,,,12 Aug,,,,
Thick_Bet9901,2025-08-20 14:35:23,16 Jul,,6 Aug,,,,,,
Wonderful_Top_2314,2025-08-20 14:40:39,24 Sep,,,,,,18 Sep,,
Ok_Abbreviations9777,2025-08-20 15:13:38,2 Aug,,,,,,,,
akshatmalik8,2025-08-20 15:15:53,27 Jul,,,,,,20 Aug,,
Formal-Ad-5617,2025-08-20 17:39:06,28 Jul,15 Jul,15 Aug,,,,,,
Sag_Sandie397,2025-08-20 22:18:40,15 Jul,,,,1 Aug,,,,
junaidriz,2025-08-20 23:29:23,12 Jun,24 Jun,9 Jul,,,23 Jul,25 Jul,30 Jul,
Minimum_Pen644,2025-08-21 11:10:47,,,,,,15 Jul,23 Jul,15 Jul,9 Nov
Lemon-Melon-056,2025-08-21 11:40:56,15 Jul,8 Aug,14 Aug,,12 Aug,,,,
Opposite_Bet2116,2025-08-21 12:05:53,5 Apr,12 Jun,18 Jun,,,25 Jun,27 Jun,,13 Jul
shi07vjskbs,2025-08-21 12:26:26,11 Jul,,31 Jul,,,,,,
Scared_Confusion_306,2025-08-21 15:11:28,,,,,,,1 Jun,1 Jul,1 Aug
bimolimo,2025-08-21 15:21:16,,,,,,,28 Jul,21 Aug,
eaudecocoo,2025-08-21 15:28:00,21 Mar,7 May,21 May,,,,,,
Upstairs_Dance_5162,2025-08-21 17:31:49,20 Jul,7 Aug,7 Aug,,,,,,
Open_Judgment3343,2025-08-21 18:53:38,25 May,12 Jun,7 Jul,,9 Jul,,21 Jul,14 Aug,20 Aug
Rare_Worth_8763,2025-08-21 22:27:50,8 Jul,24 Jul,30 Jul,5 Aug,5 Aug,,11 Aug,,
No_Application_2316,2025-08-22 11:34:00,,,,,,,30 Jul,4 Jun,
General_House_7198,2025-08-22 13:10:40,,,,,,,25 Jul,19 Aug,
Feisty-Law3307,2025-08-22 16:32:02,2 Jun,9 Jul,9 Jul,,7 Aug,8 Aug,12 Aug,,
Code-learner9,2025-08-23 10:17:11,,,,,,,30 Jun,,
cloudproud,2025-08-23 18:24:58,,,,,,,16 May,,
Immediate_Owl_422,2025-08-23 20:41:44,7 Jul,,,,,,4 Aug,,
tamarack12345,2025-08-25 01:10:42,,,,,,,30 Jun,,
NachoBusinessss,2025-08-25 13:41:02,,,,,,,19 Jun,,
AffectionateCup135,2025-08-25 16:28:38,,,,,,26 Jun,30 Jun,,
skinny_liam,2025-08-25 16:54:36,,,,,,,,16 Jul,
Unique-Analyst-1701,2025-08-25 22:24:56,25 Aug,,,,,,,,
Abim__Bola,2025-08-26 08:26:06,1 Jul,17 Jul,18 Jul,,28 Jul,28 Jul,29 Jul,22 Aug,25 Aug
dajul65,2025-08-26 11:44:17,18 Mar,,,,,16 Jul,30 Jul,,
haspamm_,2025-08-26 12:12:20,25 May,3 Jul,19 Jul,,,25 Jul,30 Jul,22 Aug,26 Aug
shreyachauhan_,2025-08-26 13:23:12,,,,,,,11 Aug,,
Ok-Championship9512,2025-08-26 13:51:50,,,,,,,25 Jul,,26 Aug
Jenergy_00,2025-08-26 14:22:44,18 Jun,,,,,,,26 Jul,28 Jul
Jolly_Blueberry2491,2025-08-27 00:45:53,,,,,,,,,29 May
Big-Captain-8863,2025-08-27 10:37:46,17 Jun,,,,,,,,
Former-School-6831,2025-08-27 10:40:13,7 Jul,23 Jul,31 Jul,,,31 Jul,12 Aug,,
Appropriate-Rip4260,2025-08-27 16:13:10,4 Aug,20 Aug,20 Aug,,,,,,
Wolf_Hunter_31,2025-08-27 17:27:54,13 Sep,,,,,,,,
Large_Hedgehog8868,2025-08-27 22:22:31,,,,,,,1 Aug,,
arkado_avacado,2025-08-28 02:25:28,,,,,,23 Jul,27 Jul,27 Jul,27 Aug
Present-Pizza8910,2025-08-28 17:14:43,19 Jun,25 Jul,,,,,,,
Vast-Tank1202,2025-08-28 19:05:58,15 Jul,1 Aug,31 Jul,,,6 Aug,11 Aug,25 Aug,27 Aug
Swimming-Command852,2025-08-28 22:25:12,20 Jun,7 Aug,6 Aug,,,,,,
Ill-Emu4096,2025-08-28 23:25:22,7 Aug,25 Aug,25 Aug,,,,,,
Icy_Craft_9781,2025-08-29 00:51:21,19 Mar,,,,23 May,,,,
Original_Play3878,2025-08-29 01:29:34,,,,,,,27 Jul,20 Aug,
Capital-Trick6001,2025-08-29 07:04:37,30 Jul,15 Aug,,,,,,,
Late_Bird8745,2025-08-29 17:46:15,20 Jul,7 Aug,9 Aug,,,,,,
Live-Front-6009,2025-08-29 21:39:53,29 Jun,,,,,,,,
Round_Giraffe_2152,2025-08-29 23:28:07,19 Jan,,31 Jul,,,,,,
Either-Goose-865,2025-08-30 04:03:49,18 Apr,,,,,,14 Aug,,
Alternative-Warthog6,2025-08-30 06:36:30,,,,,,,13 Aug,,
Quirky-Experience174,2025-08-30 13:10:17,25 Feb,20 Mar,22 Mar,24 Apr,24 Apr,25 Apr,,,28 Apr
nighthawk_29,2025-09-02 04:40:10,20 Aug,,,,,,,,
Beautiful-Cook1882,2025-09-02 10:57:04,17 Jul,,,,,,,,
MerwynD,2025-09-02 13:49:00,10 Aug,18 Nov,,,,,,,
19_10,2025-09-02 13:59:44,13 Jan,25 Feb,16 Jun,28 Jul,28 Jul,25 Jul,30 Jul,22 Aug,2 Sep
Ok_Basket_6651,2025-09-02 14:05:14,,,,,,,14 Aug,,
Ill_Leg_1399,2025-09-02 18:12:57,,28 Aug,,,,,,,
Ashamed_Compote2867,2025-09-02 19:23:20,25 Jul,,,,,,30 Jul,24 Aug,2 Sep
UmpireFast4634,2025-09-02 19:25:50,,,,,,,,15 Aug,21 Aug
North-Care7451,2025-09-03 12:19:41,13 Jun,3 Jul,10 Jul,,,14 Jul,25 Jul,25 Jul,25 Aug
bichette94,2025-09-03 12:25:55,25 Jan,13 Mar,20 Mar,,,13 May,15 May,26 Jun,10 Jul
Worried-Proof2820,2025-09-03 20:20:53,12 Aug,,,,,,,,
Available-Ad-2904,2025-09-03 21:32:52,13 Aug,3 Sep,,,,,,,
Shot-Turnover-9345,2025-09-04 00:09:45,,,,,,7 Aug,17 Jul,21 Aug,26 Aug
Fuzzy-Fox-4416,2025-09-04 00:54:30,,,,,,,21 Aug,,
greatwhiteshark_22,2025-09-04 11:17:35,29 Aug,,,,,,,,
TimeAd5935,2025-09-04 13:36:29,1 Jul,5 Aug,6 Aug,,,,,,
No-Gazelle-9754,2025-09-04 17:09:55,19 Jun,25 Jul,8 Jul,,,31 Jul,27 Aug,27 Aug,2 Sep
Alternative-Ear3355,2025-09-04 17:49:35,,,,,,8 Jul,,,8 Jul
Material-Draw2739,2025-09-04 17:56:28,,,,,,,11 Aug,29 Aug,
One-Piece_Zoro,2025-09-04 22:23:47,1 Apr,,6 Jun,,,,15 Aug,,
Boldbrown0512,2025-09-05 17:26:50,29 Jul,18 Aug,22 Aug,,,,,,
HappyChima,2025-09-05 17:55:20,,,,,27 Aug,3 Sep,,,
Weird-Cellist-6647,2025-09-05 17:56:10,1 Aug,,,,,,,,
TheorySouthern77,2025-09-05 18:14:07,,,,,,,21 Aug,,
TraditionalResult828,2025-09-06 20:41:08,4 Aug,,,,,,4 Aug,6 Sep,
Routine-Engineer8015,2025-09-06 21:28:50,14 Jul,14 Aug,14 Aug,,,3 Sep,,,
Zestyclose_Two_3482,2025-09-06 23:58:04,,,,,,,15 Aug,7 Sep,
DeerOk182,2025-09-07 02:26:48,,,,,,,9 Jul,9 Aug,
Agitated-Run-8933,2025-09-07 11:28:18,9 Jul,24 Jul,30 Jul,,,31 Jul,12 Aug,4 Sep,6 Sep
Confident_Hamster_74,2025-09-07 16:39:26,22 Aug,,,,,,,,
Little-Rate1574,2025-09-08 16:54:17,7 Aug,26 Aug,27 Aug,,,,,,
Friendly-Anything591,2025-09-08 21:05:27,4 Sep,19 Aug,4 Sep,,,,,,
Beginning-Primary388,2025-09-08 22:47:44,16 Nov,,,,,,,,
Main_Grocery_2843,2025-09-09 23:41:09,,,,,,,22 Jul,,
Effective_Stomach_75,2025-09-10 06:18:27,,,,,,,23 Jul,30 Jul,3 Sep
Mountain-Cod524,2025-09-10 09:27:24,25 Sep,13 Oct,13 Aug,13 Aug,,2 Sep,,,
Dazzling-Minute-8775,2025-09-10 10:48:25,1 Jul,18 Jul,,,,25 Jul,30 Jul,24 Aug,26 Aug
Twochel,2025-09-11 08:14:54,17 Aug,9 Sep,,,,,,,
Charming_Score8212,2025-09-11 11:51:19,14 Dec,,,,,,,,
Pravsmile,2025-09-11 12:55:29,25 Oct,,,,,,,,
Over_Tumbleweed_1290,2025-09-11 16:12:44,,,,,,,,,5 Aug
Candid_Impress9833,2025-09-11 20:32:14,31 Jul,,,,,4 Aug,11 Aug,29 Aug,5 Sep
Professional-Air8988,2025-09-12 20:13:34,12 Jul,,,,,,15 Aug,6 Sep,
Separate_Calendar485,2025-09-13 14:22:04,19 Aug,10 Sep,,,,,,,
Master_Cancel2654,2025-09-13 15:51:38,13 Jul,28 Jul,,,,,13 Aug,5 Sep,12 Sep
Artistic-Water-441,2025-09-13 16:36:52,18 Jul,8 Aug,8 Aug,8 Sep,8 Sep,8 Sep,11 Sep,,
Vish996,2025-09-13 20:56:15,17 Aug,8 Sep,,,,,,,
Infinite_Level_2997,2025-09-14 02:47:21,14 Jul,30 Jul,,,,,13 Aug,7 Sep,
Reetgoraya,2025-09-14 11:45:13,19 Jul,8 Aug,7 Aug,,,12 Aug,15 Aug,5 Sep,10 Sep
Dangerous-Ad-8910,2025-09-14 13:09:36,,,,,,,20 Aug,10 Sep,
Sufficient-Baker-441,2025-09-14 14:06:46,18 Aug,2 Sep,2 Sep,,,,,,
Comprehensive-Ride32,2025-09-14 20:15:03,,20 Aug,20 Aug,,,,,,
Beginning_Beat186,2025-09-15 23:42:16,13 Jul,30 Jul,,9 Sep,9 Sep,,,,
CoyoteBright6381,2025-09-15 23:54:01,17 May,24 Jun,,,,8 Sep,11 Sep,,
Strange_Tank_6357,2025-09-16 00:09:54,25 Aug,,,,,,,,
Frosty-Engine-3569,2025-09-16 06:26:27,17 Aug,26 Aug,,,,,,,
MapleMuttai,2025-09-16 06:56:59,23 Jul,9 Aug,14 Aug,8 Sep,8 Sep,9 Sep,,,
Luckybasra,2025-09-16 10:21:34,14 Feb,18 Mar,18 Mar,,25 Feb,,14 Feb,,
Exciting-Two-930,2025-09-16 17:37:24,,10 Sep,17 Sep,,,,,,
AssociateLeft8964,2025-09-17 09:56:23,21 Aug,16 Sep,11 Sep,,,,,,
Objective_Profit9079,2025-09-17 10:29:28,13 Jul,30 Jul,,,,,13 Aug,9 Sep,
Expensive_Nail_9080,2025-09-17 11:48:23,21 Aug,11 Sep,11 Sep,,,,,,
rodrigolopez69,2025-09-17 13:42:40,,,,,,,12 Sep,,
BabaBooeyRatatouille,2025-09-17 19:35:02,21 Jul,8 Aug,7 Aug,,,11 Aug,15 Aug,8 Sep,11 Sep
Loose_Repair7246,2025-09-17 20:02:18,,,,,,,,,29 Jul
underwaterhooman,2025-09-17 21:16:19,9 Jul,,24 Jul,,,,13 Aug,3 Sep,9 Sep
doublebarge,2025-09-17 21:17:03,23 Jul,,20 Aug,,,,,,
Sea-Muffin6804,2025-09-18 17:47:50,30 Jul,15 Aug,16 Aug,,18 Aug,7 Sep,15 Sep,15 Sep,
brbr13-can,2025-09-19 00:05:27,12 Jun,29 Jul,28 Jul,,,13 Aug,18 Aug,,
Much-Log6614,2025-09-19 11:08:31,,,,,31 Jul,15 Aug,19 Aug,11 Sep,19 Sep
OutrageousDrink1595,2025-09-19 14:59:24,4 Aug,21 Aug,2 Sep,3 Sep,,,,,
Stock_Bumblebee_7405,2025-09-19 15:41:36,5 May,27 Jun,28 Jun,,,4 Jul,4 Jul,5 Aug,13 Aug
Amazinglyours1989,2025-09-19 22:11:20,,,16 Sep,,,,,,
Diligent-Tension-796,2025-09-19 22:40:55,15 Jul,1 Aug,6 Aug,,14 Aug,,19 Aug,9 Sep,19 Sep
ComprehensiveBee3322,2025-09-20 03:14:16,,,,,,,5 Sep,,
22yearsoldvirgin,2025-09-20 06:00:17,,,,,,,3 Jul,22 Aug,
ipo_007,2025-09-20 08:15:03,,,,,,,,,27 Jul
TambdiiChambdi,2025-09-20 12:10:27,17 Jul,31 Jul,,,,14 Aug,18 Aug,8 Sep,19 Sep
cyyuuu,2025-09-20 13:55:42,17 Jul,,,,,,20 Aug,9 Sep,
LawyerApart9372,2025-09-20 15:24:45,,,,,,,,,28 Jul
No-Development-8280,2025-09-20 16:12:04,11 Aug,,6 Sep,19 Sep,,,,,
Superb_Claim_7513,2025-09-20 18:34:43,11 Sep,,,,,,,,
Latortubee,2025-09-20 18:49:30,,,,,,,,,29 Jul
Certain-Reserve165,2025-09-20 22:59:27,27 Jul,14 Aug,15 Aug,26 Aug,26 Aug,,3 Sep,18 Sep,
sydrkbarret,2025-09-21 10:34:29,,,,,,,,11 Sep,
Extension7_Vast,2025-09-21 19:43:40,,,,,,,,10 Sep,
Zagorthewarlock,2025-09-21 19:44:19,4 Sep,17 Sep,,,,,,,
InvestigatorWeird877,2025-09-22 08:18:30,16 Sep,,,,,,,,
Lopsided-Orchid-3372,2025-09-22 17:20:54,10 Aug,,,,,19 Sep,,,
classiccomedy328,2025-09-22 18:10:21,11 Jul,25 Jul,5 Sep,,,,19 Sep,,
Roadman_KE,2025-09-22 21:34:34,26 Jun,,,,23 Jul,,,,
Slight_Scarcity9731,2025-09-23 00:03:55,25 Jul,,,,,,,11 Sep,
Top_Description2484,2025-09-23 01:13:47,4 Aug,22 Aug,2 Sep,8 Sep,,,,,
CompScienceNerd1006,2025-09-23 10:06:49,21 Jul,7 Aug,8 Aug,13 Aug,7 Aug,,18 Aug,9 Sep,23 Sep
Sweet-Marionberry-86,2025-09-23 13:34:53,2 Jul,,28 Jun,,,,5 Aug,27 Aug,2 Sep
Prestigious-Level-73,2025-09-23 14:12:12,29 Aug,,,,,,,,
Healthy-Tomatillo-20,2025-09-23 15:27:28,16 Aug,10 Sep,18 Sep,,,,,,
Any-Front10,2025-09-23 16:35:41,23 Jul,14 Aug,22 Aug,,,22 Sep,23 Sep,,
CKawSmXkgAlr,2025-09-23 22:00:54,12 Sep,18 Sep,19 Sep,,,,,,
No_Cicada_5625,2025-09-23 23:22:51,2 Sep,,,,,,,,
Golkatikshen,2025-09-24 00:48:58,,,,,,7 Aug,27 Aug,,
Personal_Decision824,2025-09-24 07:08:28,22 Aug,,,,,,,,
Cool_Property5187,2025-09-24 09:17:48,31 Jul,,,,,12 Sep,17 Sep,,
anenglishrosita,2025-09-24 13:29:26,23 Jan,10 Mar,,,,9 Apr,29 Apr,13 May,12 Jun
Dependent-Leopard-40,2025-09-24 13:50:31,,,,,,,18 Aug,18 Sep,
KARANOREYNI,2025-09-25 00:01:29,,,,,,9 Jul,18 Jul,14 Aug,18 Aug
FarCheesecake9837,2025-09-25 14:07:34,8 Sep,24 Sep,,24 Sep,,24 Sep,,,25 Sep
Miserable-retard,2025-09-25 14:39:35,1 Aug,,,,,,,19 Sep,
ConfusedPropoganda,2025-09-25 16:01:05,,,,,,,31 Mar,1 Sep,25 Sep
Any_Criticism_6627,2025-09-25 22:40:18,18 Apr,,,,,,4 Sep,20 Sep,24 Sep
Hopeful-Tea-2127,2025-09-26 02:35:00,27 Jul,,,,,,,,
Normal-Appearance401,2025-09-26 10:11:53,16 May,19 Jun,16 Jun,,,,,,
Striking-Spirit-224,2025-09-26 15:00:49,29 Jul,15 Aug,4 Sep,,,,26 Sep,,
M3skii,2025-09-26 15:06:01,24 Jun,,29 Aug,,,,,,
Different_Village971,2025-09-26 17:51:59,31 Jul,26 Aug,,,,28 Aug,30 Aug,16 Sep,22 Sep
Glittering-Fox7753,2025-09-26 18:15:09,12 Jul,28 Jul,5 Aug,,,,,5 Sep,8 Sep
Takka-purr-872194,2025-09-26 18:22:53,2 Aug,,,,,,,,
No_Elk_1860,2025-09-26 20:16:24,,,,,,,,,4 Aug
Top_Earth_5466,2025-09-26 21:49:19,1 Jul,,,,,,,,
Prakher1,2025-09-27 03:26:02,23 Jun,,,7 Aug,,,,,
Icy-North2395,2025-09-27 20:03:04,,,,,,,3 Sep,22 Sep,
ubetimawesome26,2025-09-28 05:24:51,30 Apr,,,,,,,,
RelationshipTime2556,2025-09-28 10:28:18,27 Mar,30 May,31 May,,,27 Jun,30 Jun,17 Sep,24 Sep
FollowingSea8636,2025-09-28 11:25:41,21 Mar,,,,,,,,
Straight_Ad_5223,2025-09-28 11:58:35,8 Mar,,,,,,,,
iShortsure,2025-09-28 14:01:19,19 Aug,8 Aug,,,,8 Aug,5 Aug,,25 Sep
urema1998,2025-09-28 23:49:38,9 Jun,3 Jul,8 Jul,,,,,25 Sep,
Altruistic-Depth9390,2025-09-29 22:30:15,25 Mar,27 May,28 May,,,,,,
Key-Confection192,2025-09-30 11:28:36,,,,,,,17 Sep,,
Tricky_Blueberry_236,2025-09-30 16:34:41,,,,,,,,,15 Aug
Responsible_Copy_528,2025-09-30 21:12:26,4 Aug,,,,,,11 Aug,,10 Sep
Aciida,2025-10-01 00:09:02,12 Aug,9 Mar,4 Sep,22 Sep,22 Sep,19 Sep,22 Sep,,
Wyramm,2025-10-01 12:56:05,8 Aug,27 Aug,,,,,,,
vdevgan,2025-10-01 15:49:28,30 Jun,24 Jul,,,,25 Jul,,,
cylyxa,2025-10-01 18:40:55,8 Aug,3 Sep,,,,24 Sep,25 Sep,,
Hopeful-Mortgage-201,2025-10-01 23:08:01,14 Aug,5 Sep,13 Sep,,,,,,
BumblebeeTemporary65,2025-10-01 23:32:52,12 Sep,18 Sep,,,,,,,
noturyeochin,2025-10-02 08:04:47,13 Aug,,,,,,,,
Few_Run_3847,2025-10-02 10:40:29,,,,,,,21 Aug,,22 Sep
WheelAccomplished661,2025-10-02 15:55:28,22 Mar,,,,,,,,
Any-Key-6009,2025-10-03 01:41:23,4 Apr,,,,,10 Sep,,,
WeekendOk7705,2025-10-03 03:50:21,22 Aug,4 Sep,5 Sep,,5 Sep,,,,
just_gij1996,2025-10-03 09:03:22,,,,,,,9 Sep,,
vrushalc7,2025-10-03 11:05:10,,,,,,,,2 Sep,2 Oct
Icy_Skin9437,2025-10-03 11:26:36,,,2 Sep,,,,,,
TrackOrdinary3984,2025-10-03 12:05:23,23 Sep,,,,,,,,
Kind-Sandwich-3439,2025-10-03 12:08:29,16 Sep,,23 Sep,,24 Sep,,,,
A_bot__,2025-10-03 18:49:09,,,22 Jul,,,,10 Sep,24 Sep,3 Oct
Many-Tea4399,2025-10-03 19:05:59,4 Jun,,,,,,,,11 Sep
HarshkumarP,2025-10-04 09:03:28,,3 Sep,3 Sep,2 Oct,,,,,
Gursimran_Rishi,2025-10-04 15:28:28,10 Aug,26 Aug,2 Sep,,,2 Oct,,,
Entire-History6514,2025-10-04 15:36:55,14 Sep,,,,,,,,
According_Course8047,2025-10-04 19:51:49,,,,,,,,,18 Aug
LaughingAtReality,2025-10-04 21:17:39,,,,,,,,22 Sep,
ResearchNo4776,2025-10-04 21:24:24,9 Aug,4 Sep,14 Sep,18 Sep,,,,,
Brilliant-Editor-936,2025-10-04 22:06:42,14 Jul,,,,,,19 Aug,9 Sep,22 Sep
Icy-Ad-4384,2025-10-05 08:57:08,,,,,,,,17 Sep,
Glum_Revenue_8536,2025-10-05 10:46:51,13 Mar,,,,,,,,
Present_Pressure890,2025-10-05 17:14:05,19 Jul,6 Aug,8 Aug,,,3 Sep,9 Sep,24 Sep,3 Oct
Ok_Wrangler2877,2025-10-05 17:16:19,23 Aug,2 Oct,2 Oct,,,,,,
No_Inflation_6523,2025-10-05 21:19:26,5 Aug,21 Aug,25 Aug,,,,,,3 Oct
alphadawwwg,2025-10-05 21:53:29,5 Sep,,,,,,,,
PercentageFair2954,2025-10-06 08:42:38,,,,,,,,,4 Apr
Majestic-Engineer-78,2025-10-06 11:00:41,9 Jul,6 Aug,,,,19 Sep,14 Aug,1 Sep,
FunnyUsername7,2025-10-06 15:07:41,2 Jul,,,,,,9 Sep,24 Sep,
TopChampion9533,2025-10-06 23:24:10,12 Sep,18 Sep,,,,,,,
Miserable_Theme5089,2025-10-07 10:26:39,,,,,,,15 Sep,29 Sep,
imoverthis98,2025-10-07 11:36:48,,,,,,,25 Sep,7 Oct,
Grateful2705,2025-10-07 15:30:08,,,,,,,,,14 Aug
ManufacturerSalt8745,2025-10-07 15:48:34,8 Aug,4 Sep,4 Sep,25 Sep,,,,,
Altruistic_Bank_1552,2025-10-07 17:34:39,4 Oct,18 Nov,21 Nov,,,,6 Feb,,
GrapefruitSame5207,2025-10-07 21:21:41,22 Aug,,,,,,,,
Civil-Bar-9986,2025-10-08 01:18:51,19 Aug,24 Sep,27 Sep,6 Oct,,,,,
another_norman,2025-10-08 14:11:25,,,,,,,8 Oct,,
intheflowergarden,2025-10-08 15:37:46,11 Mar,27 Mar,31 Mar,,17 Sep,17 Sep,19 Sep,3 Oct,7 Oct
thefutureistom,2025-10-08 17:16:25,4 Sep,,1 Oct,1 Oct,,,,,
Ok_Sprinkles157,2025-10-08 18:20:51,16 Sep,1 Nov,,,,6 Mar,27 Aug,17 Sep,29 Sep
InternationalCod7621,2025-10-08 18:46:48,28 Jul,,,,,,,16 Sep,
DiscussionLittle8034,2025-10-08 19:43:02,,19 Aug,,,,,15 Sep,29 Sep,
Odd-Inevitable5822,2025-10-09 10:24:10,,,,,,,,,8 Jul
Positive_Respect967,2025-10-09 11:00:21,8 Aug,28 Aug,,,,,,,
Ok-Variety-7310,2025-10-09 11:24:40,23 Jul,11 Aug,,,,10 Sep,15 Sep,2 Oct,8 Oct
catecate0228,2025-10-09 11:25:37,8 Aug,8 Aug,12 Aug,,,18 Aug,18 Aug,2 Oct,9 Oct
Interesting-Exit-941,2025-10-09 14:50:44,,,,,,,1 Oct,,
M4NNNNN,2025-10-09 15:57:25,2 Jul,20 Aug,26 Aug,,,19 Sep,22 Sep,8 Oct,
cyL2801,2025-10-09 20:21:46,,,,,,,,,9 Sep
ProfessionalEmu4638,2025-10-09 22:02:19,27 Sep,,,,,,,,
ballerinacapuchi,2025-10-09 22:03:30,6 Sep,18 Sep,23 Sep,,24 Sep,,,,
Ok-Interaction611,2025-10-10 00:57:03,,17 Sep,16 Sep,7 Oct,,,,,
TheseCranberry8035,2025-10-10 06:54:49,,,,,,,,23 Sep,
hyper_independentppy,2025-10-10 14:48:10,,,,,,,,23 Sep,
AIMakesChange,2025-10-10 19:41:42,17 Feb,25 Mar,,,,,,,
Optimal-Field-8016,2025-10-10 22:26:19,3 Oct,,,,,,,,
Which-Bug3584,2025-10-11 02:10:01,12 Sep,18 Sep,19 Sep,,,,,,
heyarnoldpereira,2025-10-11 03:40:16,3 Sep,,,,,,,,
Sure-Soft-5409,2025-10-11 05:39:46,29 Aug,,,,,,,,
AppearanceExpert2109,2025-10-11 08:33:37,,,,,,9 Jun,,,24 Jul
Exciting-Tadpole-133,2025-10-11 10:10:10,10 Oct,,,,,,,,
meshegz,2025-10-11 18:31:37,14 Aug,5 Sep,5 Sep,,,9 Oct,,,
Born-Eater,2025-10-12 18:18:39,,,10 Sep,,,,,,
Muted-Bad9066,2025-10-13 22:56:16,,,,,,,,25 Sep,
EchoEnchantress,2025-10-14 05:20:52,13 Feb,,,,,2 Jun,25 Aug,16 Sep,19 Sep
AstronautOk7995,2025-10-14 08:52:24,31 Jul,20 Aug,20 Aug,21 Aug,21 Aug,2 Sep,2 Sep,23 Sep,8 Oct
Sorry-Ad-527,2025-10-14 11:40:22,20 Aug,5 Sep,12 Sep,,,10 Oct,,,
Flashy-Goal-8004,2025-10-14 12:06:39,18 Sep,,,,,,,,
Sufficient_Buy_6418,2025-10-14 16:31:58,21 Mar,,,,,26 May,9 Sep,24 Sep,28 Sep
ALordOfTheOnionRings,2025-10-14 21:07:37,3 Dec,,,,,13 Aug,3 Jul,5 Aug,
Popular_Mix1175,2025-10-15 00:54:19,6 Sep,4 Oct,,,,,,,
TerribleRise9751,2025-10-15 09:17:47,5 Mar,22 Apr,2 May,,,,22 Jul,14 Aug,16 Aug
SeniorMaize3358,2025-10-15 09:18:28,8 Aug,24 Aug,,,,,15 Sep,1 Oct,
Forward_Scholar_8890,2025-10-15 10:14:38,5 Sep,3 Oct,,,,,,,
Mean_Earth_5308,2025-10-15 10:37:53,5 Aug,21 Aug,22 Aug,,,9 Sep,12 Sep,29 Sep,15 Oct
Insightful_guru,2025-10-15 12:04:08,30 Jun,22 Jul,22 Jul,,,16 Jul,8 Sep,,
andrewjacob666,2025-10-15 12:51:48,6 Sep,6 Oct,,,,,,,
EtsomalNek,2025-10-15 14:44:35,2 Aug,,,,,,,29 Sep,
Rsidhu_03,2025-10-15 18:18:49,,,,,,15 Jul,17 Jul,,18 Aug
Apprehensive-Fly7176,2025-10-15 18:23:22,,,,,,15 May,,,
ksheel,2025-10-15 18:33:18,,,,,,,,,30 Jul
SoftMisanthrope,2025-10-15 20:53:01,10 Sep,,,,,,,,
UndoButtonPls,2025-10-15 22:34:25,,,,,,,,,9 Oct
MeaningPrudent5364,2025-10-16 01:32:39,4 Oct,20 Oct,13 Aug,,9 Sep,9 Sep,12 Sep,30 Sep,15 Oct
Material_Tower_5070,2025-10-16 11:46:47,2 Sep,,,,,,,,
RaccoonSubject1698,2025-10-16 20:13:05,9 Aug,28 Aug,3 Sep,,,11 Sep,17 Sep,1 Oct,16 Oct
ProclaimedGoldfish,2025-10-16 20:28:04,10 Aug,28 Aug,7 Sep,19 Sep,19 Sep,,22 Sep,6 Oct,16 Oct
positive_soul_,2025-10-16 20:29:25,9 Sep,,,,,,,,
khhyati,2025-10-16 21:00:17,12 Aug,3 Sep,,,,,,,
Ok-Self1863,2025-10-16 22:56:01,5 Mar,23 Apr,5 May,,,4 Jun,10 Jun,17 Jul,28 Jul
Consistent-Vast9685,2025-10-17 00:48:06,25 Jul,12 Aug,9 Sep,,,,17 Sep,27 Sep,6 Oct
dog_hugs_panda,2025-10-17 12:17:18,11 Dec,3 Jan,3 Jan,15 Mar,,,,,
Embarrassed_Rock_733,2025-10-17 15:33:01,21 Sep,,,,,,,,
LobsterPitiful6855,2025-10-17 15:40:18,26 Jun,10 Jul,25 Jul,,27 Jun,18 Sep,19 Sep,3 Oct,17 Oct
No-Relative-792,2025-10-17 15:41:06,,,,12 Sep,12 Sep,,12 Sep,,
vainqueur6969,2025-10-17 17:23:44,30 Aug,,,,,,,,
Embarrassed_Tell_190,2025-10-17 21:18:07,31 Aug,,,,,,,,
yeofarin,2025-10-17 23:45:22,,,,,,,,,3 Sep
Wrong_Associate2631,2025-10-18 01:45:42,1 Apr,,13 Jun,,23 Jun,15 Oct,,,
Mapleburgerman,2025-10-18 18:25:51,20 Sep,25 Sep,,,,,,,
Novel_Ant8545,2025-10-18 18:32:17,13 Jul,,,,,,,27 Sep,2 Oct
ElegantEscape7555,2025-10-19 16:15:32,13 Sep,,,,,,,,
MaleficentTrainer744,2025-10-20 09:41:25,18 Oct,,,,,,,,
Savings_Employer_223,2025-10-20 16:36:27,26 Sep,1 Oct,4 Sep,,,10 Oct,,,
ConstructionKind4811,2025-10-20 19:21:48,9 Aug,27 Aug,,,,,25 Sep,7 Oct,20 Oct
FamiliarRhubarb2421,2025-10-20 21:40:19,6 Sep,,,,,,,,
ushmajit,2025-10-20 22:25:34,,,,,,7 Aug,,,
wavesAndmatter,2025-10-20 22:27:04,,,,,,7 Aug,,,
PuzzledSport5780,2025-10-20 22:59:32,,,,,,,17 Sep,,
strixhightier,2025-10-21 01:32:49,2 Jul,,,,,16 Oct,20 Oct,,
AdPrior9122,2025-10-21 10:31:01,30 Jun,15 Jun,18 Jul,28 Jul,28 Jul,1 Aug,11 Aug,29 Aug,4 Sep
Sweet-Specific-9415,2025-10-21 13:22:04,12 Aug,13 Aug,18 Sep,,,29 Sep,1 Oct,8 Oct,20 Oct
Nervous-System3748,2025-10-21 15:54:15,,,,,,,,,19 Aug
fluffy-pomeranian16,2025-10-21 18:33:15,,,,,,,,,28 Jul
ExcitementInfamous94,2025-10-21 19:19:15,,,,,,,,,5 Aug
Reddithpro,2025-10-21 20:05:56,,,,,,,,,6 Aug
Winter_Matter7316,2025-10-21 23:17:49,8 Aug,27 Aug,,21 Oct,,29 Sep,1 Oct,9 Oct,21 Oct
OnlyEffective5355,2025-10-22 00:59:50,11 Sep,,,,,,,,
Livid_Meat_4160,2025-10-22 02:31:38,,,,,,,17 Sep,,
Forza_umar,2025-10-22 02:39:25,1 Aug,15 Aug,,,,,,,
becky_beca,2025-10-22 11:23:52,,,,,,,,,21 Aug
Trifle-Muted,2025-10-22 12:40:00,17 Aug,8 Sep,15 Sep,,,,,,
Adorable_Art13,2025-10-22 17:46:44,,,,,,,,,21 Jul
Top_Raspberry_1147,2025-10-22 19:21:42,5 Oct,,,,,,,,
otterstones,2025-10-22 20:31:08,29 Oct,,,,,,,,
PrizeJacket,2025-10-22 20:44:55,14 Aug,4 Sep,4 Sep,22 Sep,1 Oct,,3 Oct,17 Oct,22 Oct
Unnatisaini,2025-10-22 22:01:15,,,,,,9 Oct,,,
Specialist_Visual872,2025-10-23 01:26:52,,,,,,,,,27 Jul
Putrid-Pie2074,2025-10-23 18:06:28,,,,,,,8 Oct,4 Jun,
LostInTranslationTO,2025-10-23 18:16:53,25 Aug,18 Sep,25 Sep,,,,,,
badpikachu,2025-10-23 18:38:59,,,25 Sep,,,,,,
spacepup84,2025-10-23 20:20:26,,,,,,,,4 Jul,21 Jul
temp_id_comp598,2025-10-24 09:46:07,3 Aug,20 Aug,,,,,24 Sep,6 Oct,21 Oct
Tobyairedale,2025-10-24 10:15:21,18 Sep,6 Oct,9 Aug,,,,,,
Haunting-Field6650,2025-10-24 11:20:52,16 Aug,8 Sep,16 Sep,,30 Sep,1 Oct,3 Oct,14 Oct,21 Oct
WonderfulMusician983,2025-10-24 12:46:59,22 Mar,16 May,22 May,,,23 Jun,26 Jun,28 Jul,1 Aug
TheGr8estDad,2025-10-24 13:09:37,,,,,,16 Oct,,,
Acrobatic_Active5879,2025-10-24 13:33:37,1 Sep,,,,,,,,
Flimsy-Proof-621,2025-10-24 16:18:30,16 Aug,,15 Oct,15 Oct,15 Oct,,,,
South-Restaurant-235,2025-10-24 16:26:14,19 Aug,9 Sep,10 Sep,,,,,,
Traditional-Rip-256,2025-10-24 18:45:50,15 Aug,5 Sep,,,,,,,
ndmka,2025-10-24 19:32:51,8 Aug,26 Aug,8 Aug,16 Sep,16 Sep,1 Oct,6 Oct,20 Oct,
Famous-Pea2557,2025-10-24 20:34:09,27 Sep,,,,,,,,
ExplorerTO,2025-10-25 13:05:28,28 Aug,28 Aug,29 Aug,,,,4 Oct,15 Oct,21 Oct
Consistent-Spirit919,2025-10-26 04:59:40,17 Apr,21 Jul,1 Aug,6 Aug,,16 Oct,,,
YvesaCanada,2025-10-26 05:04:10,28 Sep,21 Oct,,,,,,,
phucpham1301,2025-10-26 09:33:45,15 Oct,24 Oct,,,,,,,
GinnyGuoGuo,2025-10-26 10:39:52,12 Sep,,,21 Oct,,,,,
Heisenberge3,2025-10-26 18:05:31,18 Sep,23 Sep,23 Sep,10 Oct,,,,,
littlejennie26,2025-10-27 10:03:02,,,,,,,21 Oct,,
ihatebeansproutsalot,2025-10-27 10:58:23,17 Jan,,,,,3 Apr,,,11 Jun
Familiar_Pin_1412,2025-10-27 12:52:09,,,,,,9 Oct,,,
Miserable-Appeal-410,2025-10-27 12:54:38,,,,,,1 Oct,,,5 Aug
SwanEnvironmental350,2025-10-27 16:32:35,21 Aug,,14 Sep,,28 Oct,,,,
raffaelnc,2025-10-27 17:20:09,19 Aug,28 Aug,28 Aug,9 Oct,3 Sep,9 Oct,,,15 Oct
Witty-Tap8660,2025-10-27 20:11:12,18 Sep,26 Sep,15 Oct,,,,,,
ENIALEP,2025-10-27 21:36:49,23 Sep,,,,,,,,
No_Concept7748,2025-10-27 22:32:28,25 Aug,22 Sep,25 Sep,,,,,,
PinkberryxX,2025-10-28 02:21:10,29 Sep,,,,,,,,
Agile_Library_1142,2025-10-28 09:05:44,25 Aug,,,,,,,,
Saikiran_torrikonda,2025-10-28 11:17:52,6 Sep,,8 Oct,,,,,,
leehood18,2025-10-28 13:34:10,,,,,,,23 Oct,,
Interesting-Yam-9201,2025-10-28 13:45:51,,,,,,,,,28 Aug
Material_Actuator669,2025-10-28 13:46:56,9 Aug,28 Aug,15 Sep,18 Sep,,,,,
Fuzzy-Community7019,2025-10-28 14:45:03,24 Jul,,,,,2 Oct,8 Oct,24 Oct,
Tough-Average1676,2025-10-28 15:25:33,14 Sep,,,,,,,,
Masked_Magician_,2025-10-28 18:27:24,8 Aug,23 Sep,11 Sep,,23 Sep,,,,
Lower_Obligation_756,2025-10-28 20:28:37,2 Sep,25 Sep,,,,,,,
Apprehensive_Wind764,2025-10-28 22:06:33,9 Aug,9 Aug,18 Sep,18 Sep,9 Aug,9 Oct,,,
Built_Different_01,2025-10-29 03:02:31,15 Dec,,,,,,,,
skumarkailas,2025-10-29 10:51:42,13 Oct,,,,,,,,
Perfect-Ad9294,2025-10-29 11:05:53,25 Sep,,,,,,,,
simpleman2809,2025-10-29 15:26:10,,,,,,,,,14 Aug
TitaToe,2025-10-29 17:49:49,12 Sep,,,,,,,,
BigEye3291,2025-10-29 18:22:13,10 Aug,,,,,,,,11 Oct
Background-Type-6225,2025-10-29 18:48:43,6 Oct,,,,,,,,
xu3u04bj6,2025-10-29 19:42:54,29 Jul,14 Aug,15 Aug,,,,,,
Born_Abbreviations84,2025-10-29 20:05:14,4 Sep,6 Oct,10 Oct,,,,,,
insatiableNomad,2025-10-29 22:10:19,15 Sep,7 Oct,,,,,,,
fiolenttt,2025-10-29 23:10:32,3 Sep,3 Oct,6 Oct,,,,,,
Hour_Ad_8595,2025-10-30 12:01:00,11 Oct,22 Oct,,,,,,,
Separate-Window-3211,2025-10-30 12:02:53,7 Sep,24 Sep,17 Sep,17 Oct,17 Oct,,,,
Pitiful_Influence_99,2025-10-30 15:14:25,13 Oct,,,,,,,,
Fantastic-Ant9689,2025-10-30 20:36:42,,,,,,,,26 Sep,
Baby_Back_Hippo,2025-10-31 00:52:49,24 Jul,12 Aug,18 Aug,29 Sep,18 Aug,1 Oct,6 Oct,17 Oct,
Valuable-Set-3466,2025-10-31 06:12:28,5 Aug,2 Jun,6 Jun,,,,20 Jun,28 Jul,5 Aug
Sad-Hall-1654,2025-10-31 08:29:10,22 Feb,,,,,,29 Oct,,17 May
Glum-Ad8484,2025-10-31 08:32:24,14 Sep,,,,,,,,
AssistRadiant4173,2025-10-31 08:50:38,8 Sep,30 Oct,,,,,,,
thezonkedzebra,2025-10-31 11:33:14,28 Jul,14 Aug,,,22 Aug,,,,
Legitimate_Paper_763,2025-10-31 15:26:41,2 Jul,23 Jul,23 Jul,,1 Aug,2 Oct,8 Oct,21 Oct,31 Oct
shalinikaimal1995,2025-10-31 16:11:38,19 Aug,,,,16 Oct,,,,
Impressive1309,2025-10-31 16:31:55,1 Aug,,,,,,,,15 Oct
Then_Common_1258,2025-10-31 16:54:18,10 Aug,,,,,,3 Oct,17 Oct,31 Oct
SockApprehensive7837,2025-10-31 17:44:57,28 Apr,7 May,28 Apr,,,2 Jun,4 Jun,15 Jul,25 Sep
Ambitious-Friend-254,2025-10-31 21:16:20,6 Jan,7 Oct,7 Oct,16 Oct,22 Oct,,,,21 Oct
Worried_Ad_2558,2025-11-01 00:07:40,15 Oct,31 Oct,,,,,,,
whois_frosthavenx,2025-11-01 00:26:30,5 Sep,7 Oct,,,,,,,
ZestycloseChicken982,2025-11-01 01:23:43,1 Jul,,,,,12 Sep,,,
Important_Tap_1101,2025-11-01 06:58:49,8 Jul,28 Aug,,30 Oct,,,,,
Honest_Tomatillo7714,2025-11-01 07:47:00,8 Aug,,,,22 Oct,20 Oct,,,
Which_Hyena5523,2025-11-01 12:10:44,12 Aug,3 Sep,3 Sep,,,10 Oct,17 Oct,27 Oct,
azharmalbary,2025-11-01 16:14:19,5 Oct,,,,,,,,
Anxious-Director-366,2025-11-01 17:19:03,11 Oct,22 Oct,23 Oct,,,,,,
PutridUnion7111,2025-11-01 18:06:01,31 Oct,,,,,,,,
alfreddxt56,2025-11-01 22:36:21,,23 Mar,5 Apr,,,,,,
Reasonable_Space_913,2025-11-02 01:59:15,22 Oct,,,,,,,,
No_Explanation6625,2025-11-02 13:37:44,,,,,,,17 Oct,31 Oct,14 Jan
No_University_8970,2025-11-02 22:43:41,5 Sep,8 Sep,15 Oct,22 Sep,15 Oct,,,,
Dry_Command6187,2025-11-02 23:37:18,5 Sep,6 Oct,8 Oct,,,,,,
YourShoesareBoring,2025-11-03 10:40:57,20 Aug,14 Sep,,,,,22 Oct,28 Oct,
According_Check_8240,2025-11-03 20:35:31,18 Mar,20 Mar,,,,,,,
Suspicious-Cook-0710,2025-11-04 00:37:01,,21 Jul,5 Sep,,,28 Sep,,,
Open-Wrongdoer6214,2025-11-04 09:06:19,2 Sep,15 Sep,,,,15 Oct,20 Oct,,16 Oct
ThatReporter2666,2025-11-04 10:51:26,11 Oct,,,,,,,,
Lil-Green-Fruit,2025-11-04 11:33:01,19 Sep,22 Sep,19 Sep,4 Nov,4 Nov,22 Sep,,,
NoZone5000,2025-11-04 13:50:05,3 Oct,,,,,,,,
Okprivaci,2025-11-05 11:04:29,15 Sep,2 Dec,,,,,,,
BlackHorse_1994,2025-11-05 11:37:31,23 Sep,,,,,,,,
bolsh0i,2025-11-05 12:01:56,14 Sep,15 Sep,,,,,,,
Melkor45,2025-11-05 12:06:51,21 Aug,,,,,,22 Aug,,
PlentyLetterhead2859,2025-11-05 12:11:05,19 Aug,,,,,,,,
catsdavid,2025-11-05 12:23:53,24 Jul,12 Aug,15 Aug,,,,6 Oct,21 Oct,
OkLab9972,2025-11-05 12:31:47,15 Sep,,,,,,,,
Potential-Ad-6699,2025-11-05 12:58:01,21 Aug,18 Sep,23 Sep,26 Jun,,,,,
bonnechancesun,2025-11-05 13:08:39,16 Sep,,,,,,,,
Boring-Routine-8105,2025-11-05 14:08:21,15 Sep,,,,,,,,
19Q6,2025-11-05 14:26:53,22 Sep,,,,,,,,
afterwed_lifeshocked,2025-11-05 16:40:11,,,,,,,,30 Jul,27 Aug
amdboyo,2025-11-05 17:18:58,,,,,,,,29 Oct,
Born-Classic-2638,2025-11-05 17:29:04,15 Sep,,,,,,,,
Mountain-Computer648,2025-11-06 08:50:34,21 Aug,16 Sep,11 Sep,8 Oct,21 Oct,5 Nov,,,
ExoticSeason8488,2025-11-06 15:17:31,1 Aug,,,,,3 Nov,4 Nov,,
od6822,2025-11-06 15:40:24,,,,,,,,23 Oct,
RodAndrew1996,2025-11-06 18:29:40,28 Aug,24 Sep,24 Sep,30 Oct,,,,,
ElectronicLobster798,2025-11-06 18:36:26,10 Jul,28 Jun,30 Jul,30 Jun,30 Jun,5 Aug,3 Sep,15 Sep,5 Aug
Plane-Instruction-70,2025-11-06 19:24:46,,,,,,,,,5 Sep
EveryNobody328,2025-11-06 20:41:19,24 Oct,,,,,,,,
Current-Pollution-41,2025-11-06 21:25:30,20 Aug,,,,,,,,
Iamthedeal,2025-11-07 11:28:11,4 Sep,29 Sep,29 Sep,,,,,,
Secret_Data_329,2025-11-07 15:40:21,3 Sep,,,,,,,,
SwimmerFit4594,2025-11-07 16:00:17,7 Aug,25 Aug,1 Jul,,,,,,
No_Interview_7714,2025-11-08 07:54:40,17 Aug,9 Sep,16 Sep,,,6 Oct,10 Oct,23 Oct,
hannaholx,2025-11-08 19:51:56,26 Sep,,,,,,,,
Much-Impression7597,2025-11-08 23:57:37,20 Oct,,,,,,,,
OutrageousDrop4015,2025-11-09 12:15:47,27 Aug,,,19 Aug,,,,,
MaliBoo876,2025-11-09 13:54:42,25 Oct,,,,,,,,
Educational_Army_695,2025-11-09 15:01:32,20 Aug,12 Sep,,,,,,31 Oct,
Patient_Practice2460,2025-11-10 18:15:56,20 Sep,,,,,,,,
FrenchieOnToast,2025-11-10 18:52:11,19 Oct,28 Oct,,,,,,,
Educational-Lock7766,2025-11-10 21:30:40,,,,,,,18 Aug,9 Sep,29 Sep
needmoreicedcoffee,2025-11-10 22:29:22,22 Jul,23 Jul,29 Jul,,12 Aug,30 Jul,2 Sep,6 Sep,6 Sep
TheChocolateGirl90,2025-11-10 23:19:10,,,,,,,,,16 Sep
WayAdministrative953,2025-11-11 01:06:35,30 Oct,,,,,,,,
vngryBird,2025-11-11 11:31:28,13 Aug,4 Sep,,,,7 Nov,,,
jj_1027,2025-11-11 18:07:45,,,,,,,,,9 Sep
ExtensionLeather8262,2025-11-11 18:42:55,18 Sep,,,,,,,,
rixhardprk,2025-11-11 20:54:24,,,,15 Aug,15 Aug,20 Aug,21 Aug,9 Sep,16 Sep
rakistheman,2025-11-12 05:42:50,25 Aug,,,,,,,,
GuavaNew3109,2025-11-12 10:50:40,21 Aug,12 Sep,12 Sep,,,,,,
Kokolexi,2025-11-12 12:13:40,12 Jun,,,,,,6 Aug,9 Oct,23 Oct
FrigginTrying,2025-11-12 15:17:31,22 Sep,,,,,,,,
Brilliant-Dream8763,2025-11-12 15:26:34,4 Oct,4 Dec,,,,,,,
DataAc3,2025-11-12 15:43:47,7 Oct,,,,,,,,
Fun-Actuator-3398,2025-11-12 15:49:16,,,,,,,,28 Oct,
DutyRemote5738,2025-11-12 16:05:22,24 Jul,11 Aug,12 Aug,,,,9 Oct,,
Sea_Explanation_2074,2025-11-12 16:48:54,1 Sep,,,,,,,,
Awkward_ambivert169,2025-11-12 16:50:06,8 Jul,3 Oct,,,,,,,
muslimanon234,2025-11-12 17:12:56,,,,,,,,30 Oct,12 Nov
007manuu,2025-11-12 17:17:22,8 Aug,28 Aug,4 Sep,,,10 Sep,15 Sep,2 Oct,15 Oct
Acceptable_Ad8634,2025-11-12 17:27:30,2 Aug,20 Aug,29 Aug,,,,,21 Oct,
Prestigious_Sort_837,2025-11-12 17:53:01,14 Oct,,,,,,14 Oct,,
kanishkdahiya,2025-11-12 19:28:46,10 Jul,,,15 Aug,15 Aug,,,,
ComprehensiveIce2357,2025-11-13 10:49:43,,,,,,,5 Aug,,15 Sep
Successful-Photo-821,2025-11-13 11:20:28,5 Jun,6 Jun,12 Jun,,,,,24 Oct,
Stock-Afternoon-5198,2025-11-13 11:24:49,1 Jul,7 Aug,,,,,16 Jun,27 Oct,
ashjohnr,2025-11-13 14:49:03,15 Aug,,,,,8 Oct,,24 Oct,
Bitter-Paper-5026,2025-11-13 15:19:51,17 Oct,,,,,,,,
rajdeeprtry_,2025-11-14 03:05:10,,,,,,,,21 Oct,
Certain-Success-8280,2025-11-14 09:43:03,,,,,,,,28 Oct,
Glittering_Walk_9825,2025-11-14 14:16:39,22 Sep,,,,,,,,
xeunha,2025-11-14 17:12:38,21 Jun,9 Jul,16 Jul,,26 Aug,,,,
Numerous-Box-3586,2025-11-14 17:14:44,20 Aug,,,,,18 Aug,,,
Weekly-Invite-680,2025-11-14 17:29:26,22 Aug,15 Sep,16 Sep,,,,,,
Bulky-Tumbleweed1129,2025-11-14 18:22:32,29 Aug,,,,,,,,
danny_9990,2025-11-14 18:53:50,19 Sep,,,,,,,,
Western-Manner171,2025-11-14 19:15:27,5 Sep,3 Oct,2 Oct,,6 Oct,,,,
ChallengeOk6875,2025-11-14 21:41:00,28 Aug,,,,,,,,
Few_Wolf_8369,2025-11-15 00:12:48,6 Aug,,23 Sep,,,,,,
Worried-Barracuda417,2025-11-15 00:26:50,15 Jul,10 Aug,21 Aug,,,,,,
Educational-Tea9797,2025-11-15 07:40:13,,,,,,,7 Nov,14 Nov,
Exact-Ad6777,2025-11-15 13:01:44,12 Sep,,,30 Oct,30 Oct,,,,
Total-Ad7288,2025-11-15 17:51:52,24 Nov,,22 Sep,,,6 Nov,,,13 Nov
King-King369,2025-11-15 20:42:53,20 Aug,21 Aug,26 Aug,,,27 Aug,3 Sep,,10 Oct
CommonAdeptness6769,2025-11-15 22:11:15,,,,,,,,31 Oct,
WrongdoerWrong126,2025-11-16 10:17:21,17 Oct,,,,,,,,
Altruistic-Buy-9254,2025-11-16 20:00:24,5 Aug,19 Jun,25 Jun,,5 Aug,,5 Aug,,
Junior_Ad_8570,2025-11-16 21:38:56,10 Oct,,,,,,,,
Responsible_Low_6209,2025-11-17 03:57:49,20 Sep,,,,,,,,
bhrata_,2025-11-17 07:00:22,,,,,,,,,12 Sep
zeezoweewo,2025-11-17 08:12:30,,,,,,,,,16 Sep
TryX1308,2025-11-17 09:01:48,,,,,,,10 Sep,,27 Sep
Oboid_banana,2025-11-17 09:31:15,,,,,,,,31 Oct,
Left-Hearing-9285,2025-11-17 10:56:05,,,,,,,,29 Oct,10 Nov
seeyouthere1,2025-11-17 11:43:34,22 Jul,,,,,,,28 Oct,28 Oct
General_Amount_8554,2025-11-17 12:06:32,19 Sep,19 Sep,,,,,,,
Green_Math_5078,2025-11-17 12:32:12,,,,,,,,27 Oct,
Lucogobig,2025-11-17 15:57:18,15 Nov,,,,,,,,
DismalIndustry4182,2025-11-17 16:04:56,6 Sep,,,,,17 Nov,,,
JRBT1407,2025-11-17 16:29:04,15 Nov,,,,,,,,
Axxonly1,2025-11-17 17:21:34,20 Aug,19 Sep,25 Sep,,,,,,
Omarus75,2025-11-17 17:42:09,13 Nov,,,,,,,,
Happy_mimi,2025-11-17 18:28:31,31 Aug,,,,,7 Nov,,,
This_Badger6059,2025-11-17 19:52:30,16 Sep,16 Sep,,,,,,,
somethingspicey,2025-11-17 21:30:34,16 Sep,19 Sep,,5 Nov,5 Nov,,,,
Normal-Bread3840,2025-11-17 23:28:37,28 Aug,,27 Sep,15 Nov,15 Nov,,,,
4chu23,2025-11-17 23:31:34,10 Nov,,,,,,,,
kylievu,2025-11-17 23:44:45,12 Jun,8 Jul,,,,,6 Aug,28 Aug,2 Nov
HealthyQuail1201,2025-11-18 01:39:27,3 Aug,20 Aug,21 Aug,,,6 Oct,9 Oct,23 Oct,2 Nov
Aromatic-Coconut-693,2025-11-18 03:04:33,,7 Nov,4 Nov,,,,,,
Secret_Smile_4897,2025-11-18 05:02:43,27 Oct,,,,,,,,
SilverYou5613,2025-11-18 08:22:54,17 Oct,,,,,,,,
ExtentDry5192,2025-11-18 08:23:08,3 Aug,,,,,,,,
Much-Ganache9700,2025-11-18 09:06:36,28 Aug,26 Sep,26 Sep,,,,,,
christhelegend_hk,2025-11-18 10:37:44,30 Aug,17 Sep,24 Sep,23 Oct,24 Oct,7 Nov,,,12 Nov
AmphibianCute8977,2025-11-18 16:29:52,29 Aug,24 Sep,24 Sep,,,,,,
Ornery_Narwhal2702,2025-11-18 21:30:52,,,,,,,,24 Oct,
zmistjr,2025-11-19 06:31:03,4 Oct,,,,,,,,
Any_Importance2178,2025-11-19 08:46:17,4 Nov,,,,,,,,
RubMyShaft,2025-11-19 10:33:25,,,,,,,3 Oct,22 Oct,
Sea-Cartographer-998,2025-11-19 11:02:52,28 Aug,24 Sep,,,,,,,18 Nov
Sea_Somewhere_5609,2025-11-19 12:25:34,5 Sep,,,,,,,30 Oct,
DisastrousLet2300,2025-11-19 13:06:34,21 Aug,,17 Sep,,,,,,
something_is_fishyy,2025-11-19 15:00:24,22 Sep,,,,,,,,
MysteriousSun5226,2025-11-19 15:47:55,2 Sep,25 Sep,27 Sep,,1 Oct,17 Nov,,,
sea_ice_bear,2025-11-19 15:54:25,24 Jul,13 Aug,13 Aug,,,22 Oct,,,22 Oct
Khaleesi_1313,2025-11-19 16:05:06,30 Jun,17 Jul,,,,13 Aug,18 Aug,8 Sep,17 Sep
Radiant_Lake2706,2025-11-19 16:09:06,29 Aug,,,,2 Oct,,,,
JellyPineFruit,2025-11-19 17:49:26,12 Sep,,,,,3 Nov,,12 Nov,
Appropriate_Sun1158,2025-11-19 18:28:28,24 Jun,,1 Aug,,,,,,
Big_Satisfaction8744,2025-11-19 18:41:59,16 Sep,3 Oct,,,,,30 Oct,6 Nov,
Flashy-Sun532,2025-11-19 18:46:44,16 Aug,27 Aug,5 Sep,,24 Sep,15 Oct,17 Oct,28 Oct,
TurnoverUnusual6270,2025-11-19 21:41:04,,,,,,,,23 Oct,
Beneficial-Yak-7679,2025-11-20 08:29:07,8 Aug,,,,,,12 Sep,25 Sep,7 Oct
TroubleFantastic7464,2025-11-20 14:09:38,2 Oct,,,,,,,,
Bitter_Fact7039,2025-11-20 14:46:34,5 Sep,5 Oct,5 Oct,,,,,,
Some_arth,2025-11-20 15:38:31,6 Oct,,,,,,,,
Nex4s_87,2025-11-20 15:43:10,27 Sep,20 Sep,,,,,,,
Dieghog,2025-11-20 16:25:23,16 Sep,16 Sep,,,,,,,
Monday_Morning_892,2025-11-20 16:42:58,2 Sep,2 Sep,3 Sep,18 Sep,18 Sep,1 Oct,7 Oct,20 Oct,3 Nov
Many-Pay-5173,2025-11-20 16:54:04,15 Aug,5 Sep,,10 Oct,10 Oct,,30 Oct,6 Nov,
kotakinozomu,2025-11-20 17:40:43,,,,,,,,6 Nov,
Born-Poet-3197,2025-11-20 20:00:05,,,,,,,,24 Oct,
Boring_Information93,2025-11-20 22:51:48,25 Sep,,,,,,,,
Bath_Fluffy,2025-11-21 11:27:28,25 Sep,,,,,,,,
Pure-Appeal-5228,2025-11-21 15:00:01,,,,,,,,24 Oct,
Alarming_Western4362,2025-11-21 15:19:43,,,,,,,,,24 Sep
ParadoxicalPebeta,2025-11-21 21:55:06,22 Sep,20 Nov,21 Nov,,,,,,
phoenix_fiery,2025-11-22 12:21:33,18 Sep,24 Sep,30 Sep,,,6 Nov,,,
WestSeason2751,2025-11-22 18:17:52,,,,,,,,30 Oct,
Dry_Structure_2340,2025-11-23 01:06:10,3 Nov,,,,,,,,
SpeedfreaK619,2025-11-23 08:16:17,24 Jul,,,,,,8 Jul,,20 Oct
Ceds_BE,2025-11-24 09:16:34,,21 Nov,,,,,,,
EstablishmentAny4658,2025-11-24 09:24:11,29 Aug,,26 Sep,21 Nov,21 Nov,,,,
ExtensionYak587,2025-11-24 11:50:54,13 Jun,3 Jul,28 Oct,,,,,,
Next_Fortune6063,2025-11-24 12:04:28,25 Jul,18 Aug,18 Aug,,,1 Oct,,,2 Oct
Responsible_Talk8430,2025-11-24 12:42:03,,,,,,,,31 Oct,
Affectionate-Bat4748,2025-11-24 13:15:22,25 Sep,,,,,22 Oct,,,
Scared_Arrival_9169,2025-11-24 14:32:59,29 Sep,14 Oct,17 Oct,,17 Oct,,,,
Deepak_683,2025-11-24 17:59:15,,,,,,,,,1 Oct
ProfessionalWind2332,2025-11-25 07:23:36,17 Sep,,29 Aug,,,,,,
Brilliant-Tea-2086,2025-11-25 08:20:36,10 Oct,22 Oct,23 Oct,,,,,,
Yulia_Baranova,2025-11-25 10:40:02,3 Nov,31 Oct,,,,,,,
RunStill287,2025-11-25 10:57:49,,,1 Sep,,,,,,
LoganTheLeo8,2025-11-25 12:51:03,20 Aug,18 Sep,25 Sep,,,3 Oct,9 Oct,31 Oct,3 Nov
Abdulbade_Zanabili,2025-11-25 13:11:55,,,,,,,,24 Oct,
Altruistic-Hold-1580,2025-11-25 13:15:37,27 Sep,,,,,,,,
FunSafety1757,2025-11-25 13:16:59,2 Sep,2 Sep,27 Sep,2 Sep,2 Sep,14 Nov,,,
NeitherVersion3777,2025-11-25 13:28:04,,,,,,14 Oct,,29 Oct,
ploouf1337,2025-11-25 14:39:53,,,,,,,,24 Oct,
Individual_Mess_8587,2025-11-25 14:48:05,,,,,,23 Oct,,17 Nov,
DhawalS26,2025-11-25 15:12:01,,,,,,,,29 Oct,
Amazing_Low_3607,2025-11-25 16:00:43,,,,,,,,11 Nov,
Specialist-Mood6440,2025-11-25 16:21:03,9 Sep,9 Sep,30 Oct,24 Nov,24 Nov,,,,
Altruistic_Help_2598,2025-11-25 16:41:52,3 Oct,25 Nov,,,,,,,
Broad-Cut1799,2025-11-25 16:42:27,,,11 Sep,,,,,16 Nov,
Plastic-Register8905,2025-11-25 19:09:08,23 Sep,,,,,,,,
Klutzy-Ad5927,2025-11-26 01:18:24,3 Sep,22 Sep,19 Sep,,,,,,
lazy-onomatopoeia,2025-11-26 09:10:48,,,,,,,,31 Oct,
WesternAd5347,2025-11-26 09:35:42,4 Sep,,,,,,,,
Littlepequitas,2025-11-26 09:40:31,1 Aug,27 Aug,,3 Oct,3 Oct,24 Oct,,5 Nov,
NotLostFish,2025-11-26 13:45:27,14 Aug,,,,,,,,
Slow_Dish_5029,2025-11-26 14:31:53,30 Sep,26 Nov,,,,,,,
kavcu,2025-11-26 15:29:06,24 Sep,22 Nov,,,,,,,
Beneficial_Tap6132,2025-11-26 17:12:51,23 Aug,17 Sep,,25 Oct,26 Oct,,12 Nov,,
NoSock9410,2025-11-26 20:28:50,30 Sep,,,,,,,,
Flounder-Legitimate,2025-11-27 02:11:58,4 Sep,4 Sep,,,,,,,
monty0240,2025-11-27 08:29:02,29 Aug,,,,,10 Nov,,,13 Nov
Quirky_Ad7348,2025-11-27 10:49:46,21 Aug,,,,,27 Nov,,,
Open-Address-9810,2025-11-27 14:25:20,,,,,,,,31 Oct,
TackleATP,2025-11-27 16:10:16,,,,,,,,22 Oct,
dontknowum,2025-11-27 21:19:42,22 Aug,,,22 Aug,22 Aug,,,,
Valuable-Broccoli-69,2025-11-27 21:54:40,,,,,,12 Nov,,,
Then_Ad_4705,2025-11-28 05:25:56,1 Oct,30 Sep,,,,,,,
rimmlk,2025-11-28 09:04:46,26 Jul,14 Aug,,,,,13 Nov,,
Defcon_four_4,2025-11-28 10:20:09,,,,,,14 Nov,,,
Late_Assist6318,2025-11-28 11:27:14,,,,,,,,28 Oct,
Ornery_Put4406,2025-11-28 11:28:07,9 Jul,24 Jul,30 Jul,12 Aug,24 Aug,12 Nov,,,
chaima_min,2025-11-28 14:03:09,17 Oct,,,,,,,,
Konnyas,2025-11-28 14:15:43,16 Oct,28 Oct,28 Oct,,,,,,
wsmot,2025-11-28 18:16:11,29 Aug,23 Sep,27 Sep,,,,,,
Icy-World2113,2025-11-28 19:12:39,22 Aug,,,,,,,,
nenninii-98,2025-11-28 19:57:23,12 Sep,,31 Oct,,4 Nov,27 Nov,,,
Ill_Foot_8849,2025-11-29 12:15:21,31 Aug,,,,,,,,
Tearsunshinee,2025-11-29 14:58:02,28 Oct,26 Nov,20 Nov,,,,,,
fortthech__,2025-11-30 00:05:16,4 Oct,,,,,,,,
No_Pin1654,2025-11-30 09:25:20,29 Aug,,,,,,,,
Mysterious-Clerk2325,2025-11-30 15:54:49,31 Oct,,,,,,,,
Bentakur,2025-12-01 05:32:10,9 Oct,,,,,,,,
Intelligent-Boss3238,2025-12-01 11:04:53,24 Sep,4 Nov,,,,,,,
-_ShadowSJG-_,2025-12-01 13:36:32,,20 Nov,,,,,,,
Rahcool25,2025-12-01 14:10:56,26 Aug,28 Aug,5 Sep,,,,,,
Dramatic-Capital-442,2025-12-01 17:11:04,8 Aug,8 Sep,22 Aug,8 Sep,8 Sep,,,,
Fluid_Ad_5824,2025-12-01 18:42:02,14 Nov,,,,,,,,
FlashyShip4770,2025-12-01 21:36:31,8 Sep,30 Oct,31 Oct,18 Nov,,,,,
Dazzling-Fill-8579,2025-12-01 22:09:06,2 Oct,24 Nov,,,,,,,
Broad_Soft_258,2025-12-01 23:18:04,26 Aug,,,,,,,,
Appropriate-Way-30,2025-12-01 23:47:36,,,,,,,,23 Oct,
Neither_Zebra_6090,2025-12-02 01:44:55,,,,,,,,21 Oct,
Careful-Turnover-577,2025-12-02 12:33:07,9 Jun,,,,,,10 Sep,25 Sep,11 Oct
Known_Movie5069,2025-12-02 13:37:21,7 Oct,17 Oct,,,,27 Oct,,,6 Nov
Cold_Source6897,2025-12-02 14:26:26,8 Sep,,,,,,,,
Legitimate-Net8144,2025-12-02 14:35:03,,,,,,,,31 Oct,
sirBreak,2025-12-02 17:23:12,28 May,,28 May,1 Jul,1 Jul,16 Jul,,,16 Jul
Zohan__11,2025-12-03 08:39:13,4 Nov,4 Nov,,,,,,,
Right-Nail3574,2025-12-03 12:17:29,16 Oct,,,,,,,,
Mission-PR8372,2025-12-03 13:09:39,9 Oct,27 Oct,30 Oct,24 Nov,26 Nov,1 Dec,3 Dec,,
mrhankss,2025-12-03 15:10:41,28 Aug,23 Sep,,1 Nov,,,,,
Adventurous-Day-8255,2025-12-03 16:04:19,1 Nov,,,,,,,,
Loud-Middle-5870,2025-12-03 16:06:32,4 Sep,1 Oct,3 Oct,,,2 Dec,,,
Technical_Strain_944,2025-12-03 17:56:54,23 Aug,,,,,,,,
Unlikely-Collar2585,2025-12-03 19:27:11,22 Sep,23 Sep,,,,,,,
Patient-Somewhere-63,2025-12-03 20:48:41,,,,,,,,26 Oct,
InnerConstruction198,2025-12-03 21:34:30,,,,,,,,,10 Nov
Haunting-Arm-1933,2025-12-03 22:33:02,,26 Aug,,,,,,,
silentviper123,2025-12-03 23:27:34,28 Sep,,,,,,,,
username061992,2025-12-04 00:23:49,21 Aug,1 Dec,21 Mar,,,,,,
Any-Magazine-8589,2025-12-04 10:30:24,14 Nov,27 Nov,27 Nov,,1 Dec,,,,
Brief-Delivery-3024,2025-12-04 12:20:51,22 Aug,15 Sep,18 Sep,18 Sep,18 Sep,2 Oct,7 Oct,20 Oct,
TechnicianSensitive8,2025-12-04 13:07:40,8 Aug,16 Sep,16 Sep,,,,16 Oct,27 Oct,8 Aug
SeriousWing523,2025-12-04 13:44:05,24 Oct,3 Jun,,,,,,,
Aggressive_Long5051,2025-12-04 13:55:13,16 Sep,19 Sep,,,,,,,
kkjain,2025-12-04 15:56:16,14 Nov,,,,,,,,
New_user143,2025-12-04 16:07:08,,,,,,,,5 Nov,
Own-Resist-9711,2025-12-04 16:09:59,,,,,,,,25 Oct,
North_Commission8457,2025-12-04 16:33:29,21 Sep,,,,,,,,
Prize-Consequence569,2025-12-04 16:53:10,30 Sep,,,,,,,,
foodieandfootball,2025-12-04 17:27:46,23 Jan,1 Aug,,,7 Sep,11 Sep,15 Sep,10 Oct,16 Oct
s_dua12,2025-12-04 18:30:32,,,,,,,,4 Nov,
Dense-Rise-6961,2025-12-04 19:55:02,4 Nov,3 Dec,4 Dec,,,,,,
jajajalol69,2025-12-04 20:34:55,,,,,,,,14 Nov,
anabtawiiisii,2025-12-04 21:20:07,27 Aug,,,27 Aug,5 Nov,,,,
goldneye96,2025-12-04 23:10:20,10 Oct,,,,,,,,
MaxGodman,2025-12-05 00:27:18,3 Oct,1 Dec,,,,,,,
RyzennnSkyyyy,2025-12-05 01:28:57,8 Aug,4 Sep,22 Sep,,18 Sep,24 Sep,,,
jerriclynsjohn,2025-12-05 06:04:38,4 Apr,,6 May,,,4 Jul,,,
Much-Stop-5500,2025-12-05 08:25:37,,,,,,,,6 Nov,
Crazy-Mortgage4735,2025-12-05 08:49:06,21 Sep,19 Nov,,,,,,,
imnoorsingh26,2025-12-05 12:25:13,7 Nov,5 Dec,,,,,,,
Illustrious_Yak8725,2025-12-05 12:41:50,21 Nov,,,,,,,,
SpaceWhich,2025-12-05 13:27:07,30 Oct,,,,,,,,
belsssssss,2025-12-05 14:49:23,,,,,,4 Dec,,,4 Dec
abcdzzzz,2025-12-05 15:17:58,5 Oct,4 Dec,5 Dec,,,,,,
Enough_Ice_5135,2025-12-05 15:50:35,30 Oct,,,,,,,,
Adorable-Finish3848,2025-12-05 16:06:01,22 Jul,,,,,,14 Oct,25 Oct,
Beneficial_Owl_380,2025-12-05 16:56:52,6 Sep,6 Oct,6 Oct,,,24 Nov,,,
12345newuser,2025-12-05 21:41:55,8 Aug,25 Jul,,,,11 Sep,,,16 Sep
Acceptable_Iron6202,2025-12-05 21:52:52,18 Oct,,,,,,,,
Subject-Pace-7635,2025-12-05 22:56:05,8 Oct,,,,,,,,
ElectricalAd1325,2025-12-06 14:41:49,14 Nov,,,,,,,,
ArrowNeel,2025-12-06 15:30:51,9 Oct,,,,,,,,
Reasonable_Swim_1323,2025-12-06 23:19:30,11 Sep,30 Oct,,,,,,,
Fun-Razzmatazz9068,2025-12-07 02:08:23,,,,,,,,24 Oct,
Last_Transition_7344,2025-12-07 06:57:41,3 Oct,,,,,,,,
Urban_racoon,2025-12-07 09:25:54,18 Apr,,,,,,,,
Puzzleheaded-Gas3015,2025-12-07 11:17:30,8 Sep,27 Oct,30 Oct,1 Dec,,,,,
Massive-Reading5166,2025-12-07 16:33:04,,25 Nov,26 Nov,,,,,,
This-Click0405,2025-12-07 18:43:44,13 Sep,5 Nov,8 Nov,,,2 Dec,,,
Commercial-Habit6802,2025-12-07 21:47:49,9 Sep,28 Oct,8 Sep,,,,,,
Mysterious-Client-25,2025-12-08 08:21:42,27 Nov,,,,,,,,
Frequent-Coconut6153,2025-12-08 08:55:07,,,,,,,,1 Oct,
MonitorFlimsy8600,2025-12-08 10:19:32,11 Oct,,,,,,,,
Marsupial652,2025-12-08 10:31:55,,,,,,2 Dec,,,
FunDot7026,2025-12-08 11:23:14,22 Sep,,20 Nov,,,,,,
SpotSpirited2499,2025-12-08 12:09:07,19 Aug,18 Sep,18 Sep,,,,14 Oct,23 Oct,
Significant-Fish5864,2025-12-08 14:09:35,2 Oct,12 Aug,,,,2 Oct,8 Oct,22 Oct,10 Nov
Training-Cattle-4435,2025-12-08 14:26:00,,,,,,,,23 Oct,
Any-Coach-7641,2025-12-08 20:25:40,22 Aug,17 Sep,16 Sep,7 Oct,14 Oct,21 Nov,,,
kickgiver,2025-12-08 23:28:13,12 Dec,18 Dec,,,,,,,
Full_Lawfulness8263,2025-12-09 03:47:19,18 Aug,8 Sep,12 Sep,23 Sep,6 Oct,3 Nov,5 Nov,12 Nov,
Charmed_Zeus,2025-12-09 06:11:16,12 Sep,12 Sep,18 Sep,24 Oct,24 Oct,3 Dec,,,5 Dec
ShinSekai7,2025-12-09 08:04:24,,,,,31 Oct,,,,
OptimalLeopard598,2025-12-09 10:21:55,,,3 Dec,,,8 Dec,,,
Individual-Level33,2025-12-09 10:35:08,,,,4 Nov,4 Nov,,,,
Brilliant_Crazy_4467,2025-12-09 11:27:16,28 Oct,6 Nov,10 Nov,22 Nov,22 Nov,,,,
Odd-Bid899,2025-12-09 11:41:59,29 Oct,26 Nov,,,,,,,
Character_Stop_1785,2025-12-09 14:15:13,,,,,,14 Nov,17 Nov,,
Pinkyfusknuckle,2025-12-09 14:59:29,,,,,,23 Oct,30 Oct,,
Equal_Philosopher_36,2025-12-09 18:38:40,15 Oct,,,,,,,,
CompleteAd7562,2025-12-09 18:51:59,30 Aug,,30 Sep,5 Dec,5 Dec,,,,
Loneranger1310,2025-12-09 21:22:18,18 Sep,,,,,,,,
abdallahhany34,2025-12-09 22:02:26,,,,,,,,7 Nov,
One-Love8294,2025-12-10 01:47:41,,,,,,20 Nov,,,
Et3rnalSunshine8,2025-12-10 10:26:50,29 Jun,,,,,3 Sep,24 Sep,27 Nov,
ndthuyduong,2025-12-10 11:40:19,14 Nov,,,,,,,,
Aby_06,2025-12-10 14:41:30,25 Jul,,,,,,,22 Oct,
Low_Strawberry_5684,2025-12-11 00:43:12,5 Sep,9 Sep,,19 Nov,3 Dec,4 Dec,,,
Odd_Bear_4512,2025-12-11 03:04:55,13 Oct,,,,,,,,
PlateOutrageous1294,2025-12-11 06:51:56,31 Oct,,,,,,,,
Consistent_Ad_4777,2025-12-11 10:31:18,28 Oct,25 Nov,26 Nov,8 Dec,8 Dec,,,,
Gloomy-Door-4608,2025-12-11 13:18:45,9 Oct,10 Oct,,,,,,,
tumemanques2,2025-12-11 14:09:57,3 Sep,24 Sep,,29 Aug,,,,,
lunnaslima,2025-12-11 19:50:25,,,,,,11 Dec,,,
General-Wash5855,2025-12-11 21:38:09,3 Oct,2 Dec,,,,,,,
AdAdministrative356,2025-12-12 02:43:30,,,,,,7 Nov,,,12 Nov
Material-Map7753,2025-12-12 10:18:22,1 Dec,,,,,,,,
Used-Connection-9913,2025-12-12 13:01:13,,,,22 May,,,,,
Strict-Variation7683,2025-12-12 13:19:54,9 Dec,,12 Dec,,,,,,
Ok-Time-2516,2025-12-12 18:25:13,11 Aug,,,,,,,,
Acceptable_Wing2814,2025-12-12 18:40:41,,,10 Dec,,,,,,
Pitiful_Ad3834,2025-12-14 16:07:38,22 Aug,22 Sep,22 Sep,,,,,,
Willing-Advantage322,2025-12-15 01:13:50,30 Oct,,,,,,,,
Responsible_Fox_7432,2025-12-15 02:35:14,22 Aug,29 Aug,,,,,,,
darthvader69_aj,2025-12-15 02:50:06,30 Nov,1 Dec,,,,,,,
EcstaticCranberry983,2025-12-15 09:56:22,1 Nov,,,,,,,,
HovercraftTop1521,2025-12-15 12:06:43,29 Oct,,,,,,,,
Independent-Disk8411,2025-12-15 13:02:10,19 Oct,,,,,,,,
Shivam3011,2025-12-15 13:59:29,15 Oct,,,,,,,,
ChickenAdmirable,2025-12-15 14:04:30,31 Oct,17 Nov,13 Nov,27 Nov,,,,,
theeimpulse,2025-12-15 14:30:04,24 Nov,8 Dec,8 Dec,,,,,,
Puzzled-lady28,2025-12-15 14:33:39,3 Nov,4 Dec,,,,,,,
Easy-Worldliness9554,2025-12-15 14:49:01,17 Sep,23 Sep,6 Aug,,,,,,
Novel_Function_9007,2025-12-15 15:14:46,6 Dec,,,,,,,,
Icy-Theory-9564,2025-12-15 16:16:00,22 Sep,30 May,,,,,,,
GoalZealousideal5786,2025-12-15 16:21:38,,,,,,,,26 Sep,
Standard_Risk_2877,2025-12-15 17:15:01,15 Dec,,,,,,,,
Appropriate-Poem2266,2025-12-15 18:22:58,10 Oct,,,,,,,,
One-Lengthiness7941,2025-12-15 18:24:03,5 Oct,8 Oct,4 Dec,,,,,,
Due-Giraffe9848,2025-12-15 20:13:52,12 Sep,19 Sep,,,,21 Oct,22 Oct,28 Oct,
Tigerlo11,2025-12-15 22:14:12,,,,,,,,22 Oct,
Desperate-War-6128,2025-12-15 22:16:54,,,21 Jan,,,,,,
Pleasant-Regular-875,2025-12-15 23:26:12,,,,,,27 Nov,,,
bipolar-scorpio,2025-12-16 07:55:27,22 Nov,,,,,,,,
Few-Revenue-621,2025-12-16 10:05:57,16 Oct,,,,,,,,
AchiKei,2025-12-16 11:04:16,2 Oct,4 Dec,5 Dec,16 Dec,16 Dec,,,,
iprince1,2025-12-16 11:14:57,22 Aug,,,,,,,,
Vishee-2024,2025-12-16 12:25:19,27 Nov,,,30 Oct,,,,,
Normal-Ad-4450,2025-12-16 12:56:25,7 Oct,11 Dec,,,,,,,
Momograppling,2025-12-16 13:28:48,28 Aug,,,,,27 Sep,,,26 Sep
theinkedarchitect,2025-12-16 13:30:32,18 Sep,20 Nov,6 Nov,31 Oct,,,12 Sep,,
EsthaBarong,2025-12-16 13:37:41,29 Aug,10 Nov,,,,12 Dec,1 Oct,,
Temporary_Job7113,2025-12-16 14:00:35,18 Aug,,,,,,23 Aug,9 Nov,
Todaz,2025-12-16 14:28:20,,,,,,,20 Oct,29 Oct,
CuriousBangtan,2025-12-16 14:45:46,22 Aug,15 Sep,17 Sep,15 Oct,18 Sep,7 Nov,,,12 Nov
corleone239,2025-12-16 14:59:11,31 Jul,27 Aug,,,,,24 Nov,26 Nov,
HotSleep424,2025-12-16 15:00:06,27 Nov,,,,,,,,
Subject-Pumpkin-4,2025-12-16 15:40:21,7 Sep,23 Oct,23 Oct,24 Oct,24 Oct,9 Dec,23 Oct,,
understated_nuisance,2025-12-16 15:42:14,18 Sep,22 Sep,,,,,,,
Usual_Membership_472,2025-12-16 16:24:41,17 Sep,8 Nov,,,,,,,
Old-Sir-4725,2025-12-16 16:32:06,1 Jan,,,,,1 Apr,1 Oct,1 Nov,
zionative,2025-12-16 17:11:50,8 Aug,,2 Sep,,9 Sep,,,,
rajivk937,2025-12-16 17:16:59,6 Sep,,,,,26 Nov,,,27 Nov
NevaNH,2025-12-16 17:43:53,19 Jun,,,,,20 Oct,20 Oct,30 Oct,
Bright-Friendship-20,2025-12-16 20:59:20,,,,,,,11 Dec,12 Dec,15 Dec
North-Tear-1999,2025-12-17 03:39:49,11 Dec,,14 Nov,,,,,,
tongueblastingcoder,2025-12-17 03:58:52,3 Nov,3 Nov,,,,,,,
Gloomy-Prior-682,2025-12-17 07:27:38,15 Sep,8 Nov,8 Nov,25 Nov,8 Dec,,,,
No_Banana888,2025-12-17 10:27:17,28 Oct,28 Nov,5 Dec,9 Dec,9 Dec,,,,
Alarming-Okra8696,2025-12-17 10:57:39,8 Jan,14 Nov,,,,,,,
Vegetable_Office_360,2025-12-17 12:23:32,10 Oct,,,,,,,,
Joab2003,2025-12-17 12:29:50,31 Oct,,,,,,,,
wonderwonderx,2025-12-17 12:30:51,30 Nov,,,,,,,,
RegretRelevant9077,2025-12-17 13:32:52,6 Sep,13 Sep,13 Sep,,,24 Nov,,,
NoRock5217,2025-12-17 16:12:05,4 Nov,,,,,,,,
JustConfusion7609,2025-12-17 17:08:06,3 Oct,4 Dec,,,,,,,
kut7,2025-12-17 17:22:20,22 Aug,17 Sep,17 Sep,,,5 Nov,5 Nov,,
Lisamcr,2025-12-17 21:44:45,,,,,,13 Nov,,,
Silent_List_4687,2025-12-18 00:52:44,9 Nov,15 Aug,15 Aug,,,,,,
tiredgothicheroine,2025-12-18 08:25:56,8 Aug,27 Aug,13 Sep,20 Sep,2 Oct,,,,
Different_Vast_4655,2025-12-18 08:59:26,7 Sep,6 Oct,,,,17 Nov,26 Sep,26 Sep,
AlternativeBid1501,2025-12-18 09:08:24,30 Sep,30 Sep,,10 Dec,,,,,
FapFapFapFapFapF,2025-12-18 09:40:09,24 Sep,24 Nov,22 Nov,,24 Nov,,,,
Old_Ant_1251,2025-12-18 09:40:57,23 Jun,1 Oct,8 Jul,1 Oct,11 Jul,1 Oct,,,
Neel7781,2025-12-18 11:34:48,21 Aug,,,,,,,,
JoshDgreatone,2025-12-18 11:40:17,,,,,,,,31 Oct,18 Dec
Remarkable-Comb-8818,2025-12-18 11:51:41,25 Oct,3 Nov,2 Nov,20 Nov,1 Nov,,,,
Beneficial-Music1047,2025-12-18 11:59:11,8 Sep,9 Sep,29 Oct,8 Dec,10 Dec,,,,
Downtown_Meal_6328,2025-12-18 12:00:46,,,,,,6 Nov,,,
think__smart,2025-12-18 12:19:42,7 Sep,6 Oct,8 Oct,27 Nov,27 Nov,,,,
Latter_Intention_14,2025-12-18 13:45:30,18 Apr,,5 Nov,,,5 Dec,,,8 Dec
Exact_Quit266,2025-12-18 13:49:03,4 Oct,29 Oct,21 Nov,8 Dec,8 Dec,8 Dec,11 Dec,12 Dec,9 Dec
Stunning-Tax1072,2025-12-18 14:13:08,28 Oct,,,,,,,,
FartingKatz,2025-12-18 15:37:54,10 Oct,18 Dec,,,,,,,
LongRecommendation23,2025-12-18 15:46:05,23 Sep,4 Dec,12 Dec,,,,,,
Puzzled-puzzles,2025-12-18 17:10:00,20 Sep,15 Oct,15 Oct,,22 Oct,18 Nov,,,
Timeflies24,2025-12-18 17:33:07,30 Nov,17 Dec,17 Dec,,,,,,
Available-Object-474,2025-12-18 17:52:30,19 Sep,14 Nov,,,,,16 Dec,16 Dec,
descorr,2025-12-18 18:00:38,3 Oct,,,,,,,,
No_Combination_1261,2025-12-18 18:25:32,12 Jun,,28 Jul,,29 Jul,5 Aug,14 Jun,29 Aug,5 Sep
Born-Plate2186,2025-12-18 19:29:09,7 Sep,24 Oct,,,,1 Dec,,,1 Dec
Pristine_Ad_6247,2025-12-18 19:55:16,21 Aug,23 Aug,23 Aug,21 Oct,22 Oct,25 Oct,16 Dec,18 Dec,
One_Activity4488,2025-12-18 20:44:18,4 Oct,28 Oct,,,,,,,
snufkin57,2025-12-19 01:04:44,25 Aug,,,13 Oct,13 Oct,5 Nov,,,18 Nov
Emotional-Airport806,2025-12-19 01:18:29,6 Nov,24 Nov,30 Nov,11 Nov,11 Nov,11 Nov,,,
Additional_Fan_7914,2025-12-19 05:45:50,24 Sep,20 Nov,21 Nov,,,,,,
Few_Check_8894,2025-12-19 09:36:41,17 Oct,19 Dec,,,,,,,
Still_Increase_397,2025-12-19 10:32:10,8 Dec,,,,,,,,
Beneficial_Yak_8713,2025-12-19 10:39:19,16 Oct,,,,,,,,
ttlizon,2025-12-19 10:49:13,15 Dec,,,,,,,,
unknoyeong,2025-12-19 13:13:13,24 Oct,,,,,,,,
RowForeign7306,2025-12-19 13:15:19,7 Nov,,,,,,,,
Glittering-Ear-5154,2025-12-19 13:47:04,11 Oct,,,,,,,,
MiserableBox6671,2025-12-19 14:08:33,12 Aug,,,,,,,9 Oct,
LeoMehdi,2025-12-19 15:05:24,18 Oct,,,,,,,,
abhishek664,2025-12-19 17:36:19,10 Oct,,,,,,,,
More_Interaction1197,2025-12-19 17:37:13,22 Aug,,,,,,,,
arno_3232,2025-12-19 20:28:57,2 Nov,,,,,,,,
TranslatorFeeling530,2025-12-19 20:53:12,20 Aug,12 Sep,12 Sep,,,,,,
ExtraHeight1474,2025-12-19 21:45:30,12 Sep,,7 Nov,,,,,,
ExtensionApricot421,2025-12-20 12:31:28,20 Aug,,,,,,,,
SaltyEscape8766,2025-12-20 12:48:07,5 Nov,4 Nov,4 Nov,,,,,,
1point_blank,2025-12-20 14:58:09,,,,,,,25 Feb,25 Aug,
Klaus890169,2025-12-20 17:52:23,1 Oct,4 Nov,,,,,,,
chickenoodlesoup07,2025-12-20 22:01:18,23 Oct,,,,,,,,
alvesdani111,2025-12-21 00:04:36,9 Aug,28 Aug,5 Sep,,,,7 Oct,21 Oct,
Responsible_Cloud362,2025-12-21 01:57:11,29 Nov,,,,,,,,
cc-ll-1202,2025-12-21 13:14:50,14 Aug,,23 Sep,,,,,,
Professional_Hold456,2025-12-21 20:08:25,17 Oct,,,,,,,,
gametam,2025-12-21 21:15:56,3 Sep,17 Sep,17 Sep,24 Oct,18 Sep,7 Nov,7 Nov,17 Nov,4 Nov
thisisacaseforthefbi,2025-12-21 22:54:13,17 Aug,,,,,,,12 Nov,
Fragrant_Ad_1269,2025-12-22 03:31:29,13 Sep,22 Sep,26 Aug,,,,,,
Emotional_Fill_5668,2025-12-22 11:19:44,17 Oct,22 Dec,,,,,,,
Fine-Competition-435,2025-12-22 11:23:34,,,,25 Oct,25 Oct,,18 Dec,,
Used-Fuel-1374,2025-12-22 13:21:12,12 Aug,23 Oct,24 Oct,28 Nov,24 Oct,12 Dec,,,
Think_Gold_7882,2025-12-22 14:33:54,23 Apr,,,18 May,,,,,
undefined_balloon,2025-12-22 15:14:40,21 Oct,,,2 Dec,19 Dec,,,,
dankstar78,2025-12-22 15:39:28,25 Sep,24 Nov,27 Nov,19 Dec,,,,,
Sad-Cycle-4262,2025-12-22 16:34:47,26 Aug,26 Sep,27 Sep,31 Oct,31 Oct,,,,
Ok_Feed_2459,2025-12-22 17:14:28,20 Oct,,,,,,,,
Waste_Rule_4983,2025-12-22 23:24:42,22 Dec,,,,,,,,
Individual_Quit9746,2025-12-22 23:47:49,28 Oct,6 Nov,6 Nov,22 Dec,,,,,
greenbouillon,2025-12-23 00:44:55,8 Aug,8 Sep,11 Sep,11 Sep,1 Nov,,,,
Objective_Isopod5290,2025-12-23 01:51:58,16 Nov,,,,,,,,
Barking_Kitty,2025-12-23 02:24:35,31 Oct,17 Nov,17 Nov,,17 Nov,,,,
Miserable_Swan,2025-12-23 07:44:01,12 Sep,18 Sep,22 Jul,30 Oct,,,,,
Global-Tomatillo7301,2025-12-23 09:17:15,,,,,,,1 Dec,8 Dec,22 Dec
Hoping-bustler,2025-12-23 09:33:25,2 Oct,11 Dec,11 Dec,,,,14 Dec,18 Dec,
Sudden_Usual8267,2025-12-23 10:15:30,8 Aug,21 Aug,5 Sep,,8 Sep,5 Nov,,,
Neither-Self9734,2025-12-23 10:26:53,21 Oct,23 Dec,,,,,,,
Kindly-Lawyer5215,2025-12-23 10:32:15,17 Nov,12 Dec,,,,,16 Dec,22 Dec,22 Dec
Elektra69,2025-12-23 13:14:47,3 Oct,5 Oct,,4 Dec,1 Dec,16 Dec,,,
harmandeep_1,2025-12-23 13:16:07,15 Oct,18 Dec,,,,,,,
lysiaex,2025-12-23 13:28:29,7 Oct,27 Oct,,,,,,,
Kulladpizza,2025-12-23 13:56:08,,,,,,,,11 Dec,
simartial,2025-12-23 14:09:25,17 Oct,,,,,,,,
thematchaaalover,2025-12-23 15:19:14,8 Sep,4 Oct,9 Dec,,,,,,
shivxxm,2025-12-24 08:22:55,23 Aug,,,,,7 Nov,,,
Designer_Peanut2312,2025-12-24 09:37:09,11 Nov,,,16 Dec,,,,,
citrine8899,2025-12-24 10:35:03,8 Oct,11 Dec,,,,,,,
microbiologist_to_Ca,2025-12-24 11:41:38,11 Nov,26 Nov,,23 Dec,27 Nov,,,,
No_Recover_3386,2025-12-24 13:14:45,25 Oct,30 Oct,,,,,,,
Kindly-Rest-1854,2025-12-24 15:15:59,,,,,,26 Nov,,,
No_Lengthiness3698,2025-12-24 16:57:33,17 Sep,8 Oct,23 Dec,24 Dec,,,,,
Wonderful_Gas1757,2025-12-24 19:53:43,30 Sep,26 Nov,,,,,,,
Commercial_Change390,2025-12-25 08:11:36,31 Oct,,,,,,,,
Nervous_Pangolin_342,2025-12-25 11:37:35,28 Oct,24 Nov,,,,,,,
IllRope2652,2025-12-25 13:28:46,1 Oct,27 Nov,,15 Dec,,,,,
Accomplished-Dig9994,2025-12-26 11:50:08,9 Sep,9 Oct,17 Dec,11 Dec,11 Dec,,,,
Antique_Function_427,2025-12-27 12:09:09,4 Dec,,,,,,,,
Pretty_Doughnut_3742,2025-12-27 12:45:48,31 Aug,8 Jul,25 Sep,,,,,,
Bulky-Log3375,2025-12-28 16:17:23,1 Dec,,,,,,,,
Numerous_Art_3808,2025-12-28 23:54:55,28 Dec,,,,,,,,
gahaninadh,2025-12-29 11:22:49,17 Jul,8 Aug,8 Aug,15 Aug,6 Aug,6 Nov,,,
Ornery_Ebb7512,2025-12-29 12:02:15,17 Jul,,5 Sep,,,10 Sep,,,
Fantastic_Car_4686,2025-12-29 17:26:53,23 Aug,,,,,7 Nov,,,
koala_bear_103,2025-12-29 20:34:25,30 Oct,,,,,,,,
Informal-Village-754,2025-12-29 20:38:04,,,,,,,31 Oct,7 Nov,
HistoricalAd5133,2025-12-29 21:12:12,8 Sep,23 Oct,8 Sep,,,,29 Dec,,
RingGuard_ItchMaster,2025-12-29 23:04:59,9 Sep,10 Sep,7 Oct,5 Nov,2 Dec,3 Dec,21 Aug,19 Sep,21 Sep
Momin2001,2025-12-30 00:42:11,22 Nov,,,,,,,,
unstablelapel,2025-12-30 01:37:41,9 Oct,11 Dec,,,,,,,
Manimasheen,2025-12-30 17:36:11,28 Jan,18 Mar,,22 Aug,22 Aug,,16 Sep,22 Sep,23 Sep
Objective_Advisor_59,2025-12-30 19:37:11,7 Jun,7 Jul,,7 Jul,24 Oct,6 Nov,30 Dec,,
Classic_Wishbone_599,2025-12-30 20:13:16,,,,,,,,15 Dec,
Scary_Chipmunk5360,2025-12-31 02:28:27,26 Sep,25 Nov,,30 Dec,30 Dec,,,,
drinkypoo3,2025-12-31 10:53:29,,,,,,6 Nov,31 Dec,,
Dependent-Menu6792,2025-12-31 11:21:52,26 Aug,19 Sep,,31 Oct,31 Oct,6 Nov,31 Dec,,12 Nov
Witty-Ad-1254,2025-12-31 11:43:38,19 Aug,29 Oct,,,,,,,
Good_Profession4828,2025-12-31 12:51:28,4 Sep,21 Nov,,27 Nov,24 Nov,9 Dec,30 Dec,,
Procurementdz,2025-12-31 13:33:19,29 Oct,9 Sep,12 Sep,30 Oct,,17 Nov,,,
RevolutionaryTry7433,2026-01-16 14:05:49,,,,,,,25 Sep,27 Sep,
Suspicious-Rest7732,2026-03-15 18:25:49,8 Dec,3 Feb,5 Feb,19 Feb,23 Feb,,,5 Mar,15 Mar
Proud-Shopping6852,2026-03-15 19:56:58,18 Dec,12 Feb,,,,,,,
InfiniteLoophol3,2026-03-15 20:43:24,19 Dec,,,,,,,,
SherbertFluffy6341,2026-03-15 21:33:37,24 Oct,15 Jan,,,,16 Feb,17 Feb,24 Feb,13 Mar
23century,2026-03-16 07:26:08,24 Sep,8 Oct,3 Oct,,21 Oct,,,,
Past_Twist_8863,2026-03-16 10:26:12,15 Jan,18 Mar,,,,,,,
ohmorningstar,2026-03-16 11:07:45,21 Oct,,,,,,,26 Feb,
Superb-Pollution7223,2026-03-16 12:10:53,11 Dec,5 Feb,,16 Mar,16 Mar,13 Mar,16 Mar,19 Mar,
Unable-Inspection790,2026-03-16 12:22:11,30 Sep,,,8 Dec,19 Feb,,6 Mar,7 Mar,7 Mar
CosineCuisine,2026-03-16 12:26:32,23 Dec,30 Jan,3 Feb,,,2 Mar,3 Mar,6 Mar,16 Mar
Dapper_Farm1225,2026-03-16 12:36:21,6 Jan,,,,,,,,
Annual_Art_7119,2026-03-16 13:06:44,15 Jul,31 Jul,31 Jul,,,,,11 Mar,
Ketryenie,2026-03-16 13:13:54,,,,,,,,2 Mar,
Admirable-Stable-898,2026-03-16 13:51:10,,13 Jan,13 Jan,13 Jan,,,,,
Spiritual-Goose1121,2026-03-16 13:57:02,17 Nov,4 Feb,,,,,5 Mar,16 Mar,16 Mar
No-Setting8925,2026-03-16 14:20:30,10 Jan,13 Mar,13 Mar,,,,,,
xyver7826,2026-03-16 16:06:24,8 Sep,17 Sep,18 Sep,,,2 Oct,,,
No-Basket9352,2026-03-16 16:19:09,13 Feb,,,,,,,,
Equivalent-Hippo-681,2026-03-16 16:21:46,4 Sep,1 Oct,,,,24 Feb,28 Feb,3 Mar,16 Mar
Curious-Relief-4559,2026-03-16 17:13:09,18 Nov,4 Feb,4 Feb,11 Feb,3 Mar,27 Feb,2 Mar,5 Mar,16 Mar
Distinct-Date1450,2026-03-16 17:49:32,22 Jul,5 Sep,29 Aug,15 Oct,,19 Nov,,,
Previous_Feed_2459,2026-03-16 18:25:36,14 Jan,,,,,,,,
Caterpillar2727,2026-03-16 19:33:41,3 Jan,,,,,,,,
amitkt07,2026-03-16 20:09:10,6 Apr,16 Jun,16 Jun,,,18 Jul,,,4 Feb
khoai0309,2026-03-16 20:48:13,,13 Feb,,,,,,,
Mission_Software_381,2026-03-16 20:49:03,7 Feb,,,,,,,,
whadood,2026-03-16 23:55:36,7 Feb,,,,,,,,
typhous28,2026-03-17 00:25:05,4 Nov,3 Feb,7 Nov,23 Feb,20 Feb,2 Mar,5 Mar,7 Mar,16 Mar
dojaacat,2026-03-17 01:05:56,17 Jan,,,,,,,,
Ok_Deal8357,2026-03-17 01:55:23,27 Sep,25 Nov,,11 Feb,,,,,
Responsible_Fish_991,2026-03-17 02:02:28,26 Dec,12 Feb,,,,,,,
Wanninggggg,2026-03-17 05:45:17,23 Oct,6 Jan,30 Dec,28 Feb,12 Jan,6 Mar,,,
IntelligentSpring704,2026-03-17 10:09:57,23 Feb,,,,,12 Mar,14 Mar,,
Lopsided_Peak8699,2026-03-17 11:43:13,4 Dec,3 Feb,,,,,,,
Next_Country_7876,2026-03-17 12:04:49,20 Nov,22 Jan,31 Jan,,26 Jan,,,,
Adventurous_Bid5445,2026-03-17 12:12:41,28 Nov,,15 Dec,,,,,,
AnyOrange1798,2026-03-17 13:37:10,31 Oct,8 Jan,,16 Feb,,,,,
Billy_0621,2026-03-17 14:03:33,1 Sep,,,,,,,,
Complex_Sale_4409,2026-03-17 15:05:06,16 Oct,,,,31 Oct,,,,
Personal_Basis3866,2026-03-17 15:46:24,9 Oct,,,,,22 Jan,,,
Competitive-Pea5208,2026-03-17 16:24:52,16 Oct,,,,,,,,
Ok_Ant9047,2026-03-17 17:00:24,28 Oct,,2 Jan,,19 Feb,,,,
EducationalFly2390,2026-03-17 17:03:04,30 Dec,,,,,,,,
lol2019lol,2026-03-17 17:48:44,29 Oct,,,,,,,,
Valuable-Prior-2895,2026-03-17 18:08:51,1 Jan,,,,,,,,
DifficultTerm3791,2026-03-17 19:19:06,5 Sep,3 Oct,,,,,,,
No_Veterinarian_6109,2026-03-17 20:07:42,1 Jan,1 Feb,,15 Mar,,,,,
Strange_Guide_6950,2026-03-17 20:17:22,26 Sep,,,,,,17 Dec,22 Dec,20 Jan
Immortal_005,2026-03-17 22:16:32,29 Aug,,,,,,,,
incognitoinreddit,2026-03-18 07:53:39,31 Dec,,,,,26 Sep,,,
Infinite-Fix0320,2026-03-18 08:35:38,11 Jan,17 Mar,,,,,,,
VariationTurbulent26,2026-03-18 09:04:55,13 Dec,22 Jan,,27 Nov,27 Nov,,,,
bdbaldaniya,2026-03-18 10:00:58,18 Nov,4 Feb,29 Jan,,,,,,
AdFamiliar6690,2026-03-18 10:12:56,17 Sep,,,,,,,,
GoodBuy6190,2026-03-18 10:42:15,,,,,,,,,22 Jan
greyhawk_2,2026-03-18 12:28:17,10 Dec,4 Feb,12 Feb,,,,,,
TAK2107,2026-03-18 12:34:09,13 Mar,,,,,,,,
Ok_Following_170,2026-03-18 13:04:17,,,,,,,,,13 Jan
OldDisaster8668,2026-03-18 14:07:26,5 Nov,,,,,,,,
jerrychk,2026-03-18 14:30:50,7 Nov,15 Jan,17 Jan,,,,,,
Affectionate_Rest152,2026-03-18 14:48:46,20 Dec,29 Jan,,13 Feb,18 Mar,,,,
Financial_Reveal_288,2026-03-18 15:14:46,23 Oct,,,,,7 Nov,4 Nov,,22 Jan
Share_Laughs,2026-03-18 15:25:26,,18 Feb,18 Feb,,,,,,
missmikera,2026-03-18 17:08:03,26 Sep,,,,,,,,
mallu_salamanca,2026-03-18 17:08:47,4 Mar,,,,,,,,
SubstantialRepair463,2026-03-18 17:20:15,30 Sep,26 Nov,24 Sep,,19 Feb,,6 Mar,9 Mar,18 Mar
fury33333,2026-03-18 17:24:08,19 Sep,4 Nov,27 Nov,12 Dec,27 Nov,4 Mar,4 Mar,5 Mar,18 Mar
Legoshi37,2026-03-18 18:41:35,16 Sep,,,,,,,,
IllAssignment7566,2026-03-18 18:45:10,5 Mar,,,,,,,,
Quiet_Award,2026-03-18 19:10:38,,,,,,,,,26 Jan
CuriousCroissant2000,2026-03-18 22:55:50,1 Dec,28 Jan,8 Nov,18 Mar,5 Feb,5 Mar,6 Mar,10 Mar,18 Mar
Fun-Activity5631,2026-03-19 03:30:13,22 Aug,6 Sep,24 Sep,,,,,,6 Feb
CupUsual3216,2026-03-19 08:17:24,22 Jan,,,,,,,,
GroundDouble1184,2026-03-19 08:22:07,17 Aug,8 Sep,11 Sep,10 Oct,10 Oct,10 Oct,17 Oct,,13 Jan
Special-Zombie-7441,2026-03-19 08:41:13,27 Jul,7 Sep,19 Sep,19 Aug,21 Aug,7 Nov,21 Aug,10 Sep,19 Jan
steel_giraffe0,2026-03-19 09:28:25,22 Dec,18 Feb,,,,,,,
greywhale_,2026-03-19 09:42:03,8 Sep,30 Oct,6 Nov,30 Oct,30 Oct,9 Mar,10 Mar,12 Mar,19 Mar
Savings-Worth-6709,2026-03-19 10:08:05,9 Mar,,,,,,,,
Icy-Reality-2888,2026-03-19 10:14:49,29 Nov,5 Feb,7 Feb,,,19 Feb,24 Feb,2 Mar,
FamiliarSubstance181,2026-03-19 13:44:03,29 Nov,28 Jan,,,,,6 Mar,10 Mar,18 Mar
Even-Baker8651,2026-03-19 14:07:36,,,,,,,,28 Feb,1 Mar
Fareed9420,2026-03-19 14:23:45,9 Nov,12 Jan,,,,,,,
One-Indication3276,2026-03-19 14:43:41,,,,,,,,3 Mar,
Global-Farm-6050,2026-03-19 15:24:35,,,,,,,,9 Mar,
GrandButterscotch354,2026-03-19 15:53:56,24 Oct,24 Dec,,,,,,,
skepticguy96,2026-03-19 15:56:15,21 Dec,,,,,,,,
uzumakinaruto2023,2026-03-19 16:32:47,27 Oct,,,16 Feb,,,,,
Unable-Oil3019,2026-03-19 16:32:48,22 Oct,,,,,,,,
Only_Pair9056,2026-03-19 17:59:42,28 Nov,24 Sep,4 Aug,3 Nov,24 Sep,11 Mar,12 Aug,,27 Jan
Embarrassed_Score756,2026-03-19 18:02:42,17 Oct,6 Feb,,,,,,,
manchhey,2026-03-19 18:45:39,29 Aug,,26 Sep,29 Aug,29 Aug,10 Nov,,,22 Jan
Ok_Presentation4949,2026-03-19 18:52:51,4 Nov,,,,,,,4 Mar,
Humble_Confusion_26,2026-03-19 19:03:11,13 Dec,,,,,,,,
Maleficent_Soft_3429,2026-03-19 20:03:12,18 Aug,9 Sep,17 Sep,30 Sep,9 Oct,,30 Oct,6 Nov,21 Jan
ederzs97,2026-03-19 21:04:41,15 Oct,15 Oct,21 Oct,12 Nov,18 Nov,18 Nov,6 Jan,9 Jan,21 Nov
elvisphilips,2026-03-19 21:31:39,9 Oct,12 Dec,17 Dec,29 Jan,17 Dec,6 Mar,6 Mar,10 Mar,19 Mar
One-Pilot9469,2026-03-19 23:21:46,30 Nov,,,,,,,,
fauxmidori,2026-03-19 23:25:58,31 Aug,26 Sep,,,,7 Nov,31 Dec,7 Jan,22 Jan
Traditional-Ease5286,2026-03-20 02:13:11,23 Dec,23 Feb,,,,,,,
shipintbrie,2026-03-20 03:11:15,19 Nov,23 Jan,28 Feb,,,,,,
Then-Protection-4071,2026-03-20 03:14:19,15 Dec,13 Feb,18 Feb,,,,,,
Superb_Apricot_2322,2026-03-20 04:13:28,20 Nov,23 Jan,23 Jan,,,,,,
Bubbly_Ad_3514,2026-03-20 06:22:50,17 Jan,20 Feb,,,,,,,
meddlinghobbit,2026-03-20 07:45:04,18 Oct,22 Dec,,,,,,,
Long-Establishment77,2026-03-20 08:04:23,10 Oct,16 Dec,20 Dec,24 Jan,23 Jan,6 Mar,6 Mar,10 Mar,19 Mar
Independent_Debt3802,2026-03-20 08:20:26,4 Oct,,,,,,,,
Eastern_Degree_7198,2026-03-20 09:45:13,1 Jan,6 Mar,,,,,,,
[deleted],2026-03-20 09:48:50,,,,,,,,,22 Jan
Isabella8261,2026-03-20 10:13:47,22 Jan,,,,,,,,
Queasy_Peanut_5421,2026-03-20 12:18:04,14 Jan,18 Mar,,,,,,,
Divorce_Babe,2026-03-20 13:21:16,2 Mar,,,,,,,,
attentionwh0re1834,2026-03-20 13:40:29,19 Jan,19 Jan,,,,,,,
Honest_Activity_1704,2026-03-20 13:51:41,1 Oct,26 Jan,4 Feb,19 Mar,7 Mar,6 Mar,9 Mar,11 Mar,19 Mar
Candid-Door5247,2026-03-20 13:53:33,,,,,,,,9 Mar,18 Mar
jain37557,2026-03-20 13:55:14,18 Aug,,,,,,,6 Nov,19 Jan
After-Sock-3334,2026-03-20 13:58:57,13 Dec,,,29 Jan,,,,,
ProdigalSon1219,2026-03-20 14:57:53,7 Feb,13 Mar,12 Mar,,18 Mar,,,,
abrarwasi,2026-03-20 15:01:33,16 Mar,,,,,,,,
Charming-Attorney912,2026-03-20 15:25:53,18 Oct,,,,,,,,
cheanaydu,2026-03-20 16:28:25,11 Jan,17 Mar,19 Mar,,19 Mar,,,,
Actual_Money_3364,2026-03-20 17:21:29,8 Oct,,,10 Feb,6 Dec,,,,
KaleidoscopeAdept332,2026-03-20 18:17:16,20 Jan,,,,,,,,
Affectionate-Echo698,2026-03-20 20:33:29,11 Feb,,,,,,,,
Altruistic_Tap1763,2026-03-20 21:22:59,11 Dec,29 Jan,31 Jan,,23 Feb,2 Mar,7 Mar,10 Mar,20 Mar
Outrageous-Egg582,2026-03-20 22:31:40,,15 Nov,,,5 Dec,20 Mar,,,11 Feb
Leading_Low_7728,2026-03-20 22:46:41,28 Feb,,,,,,,,
Jumpy-Alarm7847,2026-03-20 23:54:36,4 Oct,,,,,,,,
SpinBowler45,2026-03-21 00:27:36,10 Jan,16 Feb,,18 Mar,,,,,
ReindeerOne8387,2026-03-21 03:47:44,8 Jan,12 Jan,6 Feb,27 Feb,15 Jan,,,,
victorious024,2026-03-21 04:45:50,6 Dec,,,,,,,,
Professional-Push35,2026-03-21 08:55:29,6 Dec,5 Feb,,20 Feb,,,,,
Significant-Tax5113,2026-03-21 09:00:06,20 Aug,22 Sep,23 Sep,,,10 Oct,17 Oct,25 Oct,13 Jan
Beginning_Trust_4165,2026-03-21 09:47:14,11 Dec,5 Feb,,5 Feb,,,,,
serendipity5668,2026-03-21 16:26:39,12 Sep,3 Nov,7 Aug,4 Dec,,17 Dec,8 Jan,14 Jan,26 Jan
Dontpanicout,2026-03-21 17:23:52,20 Nov,,,,,,,,
Crafty_Frame_6155,2026-03-21 17:27:36,16 Nov,19 Jan,,,,,,,
saddsandwich,2026-03-21 19:12:30,8 Oct,25 Nov,,,,19 Mar,,,
Weak-Border-4092,2026-03-21 19:40:36,28 Oct,20 Feb,,,,,,,
lowonlifefr,2026-03-21 20:26:48,5 Sep,3 Oct,9 Oct,,,17 Nov,6 Jan,13 Jan,27 Jan
Atang96,2026-03-21 20:56:42,17 Jan,,,,,,,,
luckyme2200,2026-03-21 20:58:20,,,,,,,,5 Mar,
Mighty_Hero777,2026-03-22 01:54:13,15 Jan,19 Mar,,,,,,,
gunggie,2026-03-22 08:02:54,7 Dec,,,,,,,,
caobserver_1234,2026-03-22 08:55:35,5 Nov,,,,,,,,
Repulsive_Duck_6776,2026-03-22 09:03:54,14 Oct,19 Dec,17 Sep,15 Nov,,,5 Mar,9 Mar,25 Feb
Fit-Guarantee5475,2026-03-22 12:25:05,18 Mar,,,,,,,,
RiceFine2614,2026-03-22 12:44:06,23 Dec,25 Feb,,,,,,,
DesperateOwl60,2026-03-22 14:21:56,17 Jan,26 Feb,26 Feb,,,,,,
drsmoke_420,2026-03-22 14:36:44,4 Jan,13 Mar,10 Mar,,,,,,
What-Stranger-8437,2026-03-22 15:04:27,15 Dec,23 Jan,,3 Feb,2 Mar,18 Mar,19 Mar,21 Mar,
Bellatrix-8,2026-03-22 15:13:02,21 Jan,,,,,,,,
Common-Prompt-7566,2026-03-22 15:20:51,14 Jan,18 Feb,23 Feb,24 Feb,,,,,
Crafty_Outcome2301,2026-03-22 15:30:17,23 Dec,,,,,,,,
njoybuddy,2026-03-22 15:32:03,31 Jan,,4 Mar,,,,,,
Evening_Broccoli_530,2026-03-22 16:08:34,17 Jan,19 Feb,26 Feb,25 Feb,26 Feb,,,,
PhysicalAnalysis152,2026-03-22 16:12:17,2 Nov,,,,,,6 Mar,6 Mar,13 Mar
universalbasics,2026-03-22 16:34:57,24 Jan,,,,,,,,
AaronYooo,2026-03-22 16:49:27,24 Jan,,,,,,,,
Kind-Boss-2338,2026-03-22 17:08:57,10 Jan,18 Feb,,,,,,,
Audience_Superb,2026-03-22 17:35:04,31 Jan,14 Jan,,,,,,,
HeadLoad4242,2026-03-22 17:35:46,31 Dec,,31 Nov,31 Nov,,,,,
Due-Statistician7465,2026-03-22 18:03:09,15 Nov,26 Mar,,,,,,,
cHaTbOt910,2026-03-22 18:17:04,13 Jan,11 Feb,11 Feb,11 Mar,,,,,
FriendlySeaweed9314,2026-03-22 19:03:18,26 Jan,26 Feb,20 Feb,,,,,,
Small-Passenger5356,2026-03-22 19:05:17,20 Aug,11 Sep,16 Sep,31 Oct,31 Oct,12 Nov,,15 Dec,20 Jan
Humble_Pepper_7430,2026-03-22 19:46:04,,11 Dec,,,,,,,
ItsSilentUpstairs,2026-03-22 20:38:43,6 Oct,,,,,,,,
Living-Nectarine7796,2026-03-22 20:55:36,6 Mar,18 Mar,25 Mar,9 May,,20 Nov,19 Feb,23 Feb,20 Mar
Spiritual-Chair2150,2026-03-22 21:32:25,5 Feb,,,,,,,,
ResponsibleFalcon857,2026-03-22 22:40:04,2 Jan,6 Mar,10 Mar,,,,,,
Legitimate_Toe_5085,2026-03-22 22:45:42,15 Jan,,,,,,,,
TodayDependent557,2026-03-22 23:18:46,9 Jan,12 Mar,13 Mar,,,,,,
NerveTerrible3931,2026-03-23 00:01:39,2 Nov,15 Dec,17 Jan,,,16 Dec,,,
AlternativeAd9381,2026-03-23 05:38:44,16 Oct,22 Dec,,,,,,,
Common-Gear5564,2026-03-23 06:04:03,10 Nov,,19 Jan,,,,,,
Miserable_World9465,2026-03-23 07:28:32,17 Nov,27 Jan,22 Jan,,27 Jan,,,,
Weak-Bath-9540,2026-03-23 07:58:22,10 Oct,15 Dec,,,,,,,
Emotional_Split_1905,2026-03-23 08:13:17,20 Jan,,,,,,,,
ShawnThePhantom,2026-03-23 09:05:09,28 Jan,,26 Jan,,,,,,
Immediate-Hippo-7038,2026-03-23 09:10:34,24 Nov,,,,,,,,
Gold_Ad_6201,2026-03-23 09:21:05,28 Nov,,,,,,,,
maagiee,2026-03-23 09:51:51,14 Feb,,,,,,,,
crimepunjab187,2026-03-23 10:03:39,21 Jan,,,,,,,,
ansh_16,2026-03-23 10:07:50,24 Nov,3 Feb,3 Feb,,,,,,
NeitherSyllabub6628,2026-03-23 10:21:30,10 Jan,,,,,,,,
Visual-Land-2899,2026-03-23 10:23:11,11 Nov,,,,,,,,
NetNo5279,2026-03-23 10:39:35,14 Nov,20 Jan,14 Jan,,,,,,
ProcrastiWorkaholic,2026-03-23 10:43:20,10 Nov,13 Jan,,,,,,,
Sailor-Moon_,2026-03-23 10:58:10,18 Sep,,,,,6 Mar,7 Mar,11 Mar,16 Mar
Nomnom4life,2026-03-23 11:30:00,12 Jan,,12 Jan,18 Mar,18 Mar,,,,
HRHOdogwu,2026-03-23 11:49:42,4 Nov,21 Nov,26 Nov,,,,,,
TopMango356,2026-03-23 12:34:36,7 Jan,19 Mar,,,,,,,
Ok_Turn5890,2026-03-23 13:05:12,17 Oct,7 Jan,,,,,,,
Other-Environment230,2026-03-23 13:13:11,18 Mar,19 Mar,16 Jan,,,,,,
Candid_Addendum_9186,2026-03-23 13:36:46,10 Jan,13 Mar,13 Mar,,16 Mar,,,,
icebatting,2026-03-23 13:38:05,20 Jan,20 Jan,,,,,,,
Inside_Message_3582,2026-03-23 14:35:10,18 Dec,,,,12 Feb,,,,
Glass-Front-7458,2026-03-23 14:41:02,12 Nov,,,,,,,,
Logical_Use_6642,2026-03-23 14:54:21,,,,,,,9 Mar,,
Spiritual_Theory766,2026-03-23 15:16:45,,,,,,,18 Mar,,
New_Party9641,2026-03-23 15:35:44,15 Jan,18 Mar,,,,,,,
yashparekh02,2026-03-23 15:51:08,6 Dec,5 Feb,,12 Feb,,,,,
Mission_Tank_7001,2026-03-23 16:07:14,13 Feb,,,,,,,,
Pitiful-Newt4463,2026-03-23 16:27:35,16 Mar,,,,,,,,
Proper-Elevator-9204,2026-03-23 16:29:44,18 Mar,,,,,6 Feb,,,
SunfireFrenzy,2026-03-23 16:30:54,13 Mar,,,,,,,,
Osamaimran1999,2026-03-23 16:42:01,10 Mar,,,,,,,,
Royal_Researcher_670,2026-03-23 16:51:20,28 Nov,9 Dec,15 Dec,23 Dec,,,,,
Rossy_gold,2026-03-23 16:54:50,22 Nov,27 Jan,,,,,,,
Last_Blacksmith_6133,2026-03-23 17:22:43,17 Mar,,,,,,,,
CatNo6149,2026-03-23 17:30:27,13 Jan,18 Mar,18 Mar,,19 Mar,,,,
lilac_orc,2026-03-23 17:35:32,20 Jan,4 Nov,,,,,,,
Any-Championship7824,2026-03-23 17:56:26,17 Oct,,,,,,,,
Archiekins04,2026-03-23 18:08:36,17 Nov,,,,,,,,
ryanajadequinto,2026-03-23 18:09:30,20 Jan,21 Jan,,,,,,,
Mission-League6680,2026-03-23 20:29:25,30 Oct,13 Jan,,,,,,,
holygrail997,2026-03-23 20:57:13,22 Jan,20 Jan,,,,,,,
rahulhasija,2026-03-23 20:58:14,9 Feb,,,,,,,,
akashbalan08,2026-03-23 21:03:18,14 Feb,,,,,,,,
Remarkable_Cash_8587,2026-03-23 21:12:24,8 Jan,12 Mar,,,,,,,
Sleepy_Eeepy,2026-03-23 21:12:42,28 Jan,,,,,,,,
Educational_Poem_751,2026-03-23 21:30:09,29 Jan,,,,,,,,
FlatFloor920,2026-03-23 21:30:45,29 Nov,,,,,,,,
Mr_deadpool9989,2026-03-23 22:08:05,3 Jan,,,,,,,,
_db_369,2026-03-23 22:21:24,22 Nov,22 Jan,,,,,,,
PoopieSeed0408,2026-03-23 22:56:08,3 Mar,,,,,,,,
Mr-Yapple_Juice,2026-03-23 23:51:53,16 Nov,8 Dec,7 Jan,,24 Feb,,28 Feb,3 Mar,21 Mar
titiabeanie,2026-03-23 23:54:50,,,,,,,,15 Jan,26 Jan
bhadla17,2026-03-24 00:00:04,,,,,,,,2 Mar,
Ashamed-Spray-9851,2026-03-24 00:00:27,7 Feb,,,,,,,,
No_Ingenuity_1008,2026-03-24 00:54:13,19 Mar,,,,,,,,
MealStriking1113,2026-03-24 01:06:55,23 Jan,,,,,,,,
Starboi345,2026-03-24 03:27:27,21 Feb,,,21 Jan,,,,,
vanessalucky,2026-03-24 04:42:22,27 Nov,30 Jan,9 Sep,27 Oct,,,,,
finekeysss,2026-03-24 05:11:34,27 Dec,10 Feb,10 Feb,13 Feb,,,,,
That_Drawing5252,2026-03-24 05:40:36,20 Dec,28 Jan,30 Jan,,,,,,
No-Lab-3961,2026-03-24 08:23:10,1 Oct,6 Dec,,,,,,,
KnockKnock2019,2026-03-24 08:32:41,6 Mar,,,,,,,,
OhmyohmyGod21,2026-03-24 08:33:57,21 Jan,,,,,,,,
Hot-Wrangler3987,2026-03-24 08:39:17,24 Oct,,,,,16 Feb,,24 Feb,
PrimaNoctaExpert,2026-03-24 08:54:45,22 Dec,,,,,,,,
FunPage1717,2026-03-24 09:45:56,5 Dec,,5 Feb,20 Feb,,,,,
Kitchen_Ad_1611,2026-03-24 09:46:34,,,,,,,6 Mar,10 Mar,
Most_Issue_1452,2026-03-24 10:05:23,18 Nov,,,26 Jan,26 Jan,,,,
Ok-Yak-8925,2026-03-24 10:08:52,15 Jan,,,,,,,,
Super_Bunch8847,2026-03-24 10:09:34,2 Dec,4 Feb,,,,,,,
No_Confusion7062,2026-03-24 10:29:20,28 Jul,10 Aug,10 Aug,,,,13 Mar,19 Mar,
Necessary_Board6499,2026-03-24 10:31:05,,,,,,,,28 Feb,
Warm-Catch-1421,2026-03-24 10:41:01,11 Feb,,,,,,,,
PromiseCreepy3791,2026-03-24 11:03:39,25 Nov,,,25 Feb,,,,,
VivaSativaz,2026-03-24 11:04:42,7 Feb,,,,,,,,
ElectricalAbroad5577,2026-03-24 11:21:18,18 Nov,,,12 Jan,28 Jan,,,,
Major_Champion_2661,2026-03-24 11:32:10,,,,,25 Nov,,,,
BarCrazy2485,2026-03-24 11:55:29,,,,,,9 Mar,,,
Dependent-Fig8450,2026-03-24 12:00:36,28 Nov,,,,,,,25 Feb,
Spiritual-Athlete-51,2026-03-24 12:03:05,9 Sep,4 Jun,,2 Dec,,17 Feb,,,
No-Appointment5294,2026-03-24 12:34:27,,,,,,,,27 Feb,
Striking-Novel9827,2026-03-24 12:40:02,3 Nov,,14 Jan,,,,,,
hadkoi4breakfast,2026-03-24 12:50:31,12 Oct,4 Feb,9 Feb,,,,,,
thrualongway,2026-03-24 12:56:14,4 Nov,8 Jan,17 Jan,,,10 Feb,,,
198lwe649,2026-03-24 13:07:22,,,,,,,6 Mar,,
Sofian-Ahmed,2026-03-24 13:10:02,28 Dec,,,,,,,,
Bulky-Interview-3574,2026-03-24 13:11:31,,,,,,,,28 Feb,
SteamDeckGlazer,2026-03-24 13:31:10,17 Dec,,,,,,,,
Key_Leek4524,2026-03-24 13:52:10,29 Oct,6 Jan,9 Jan,,,,,,
Damyant1311,2026-03-24 14:36:55,4 Oct,2 Dec,,,,,,,
PrimaryStatement429,2026-03-24 15:05:46,3 Dec,30 Jan,,,,,,,
Dizzy_Ad5903,2026-03-24 15:50:44,3 Sep,29 Sep,,,,,9 Jan,15 Jan,26 Jan
Subject_Elk828,2026-03-24 15:51:15,16 Dec,,,12 Feb,,,,,
Zealousideal-Job7867,2026-03-24 16:24:25,25 Aug,,,,,,,,
snaaz2413,2026-03-24 16:26:25,,,,,,,,12 Jan,
Jolly_Ad9242,2026-03-24 16:26:58,25 Sep,25 Nov,,,,,,,
Specific-Drop120,2026-03-24 16:36:41,23 Oct,30 Dec,31 Dec,,,18 Mar,19 Mar,24 Mar,
Temporary-Bite-1973,2026-03-24 16:37:52,7 Nov,,12 Jan,,,,,,
Usmanjaved7,2026-03-24 16:51:44,,,,,,,,27 Feb,
Minimum-Try472,2026-03-24 17:15:37,16 Oct,18 Oct,19 Oct,,19 Dec,4 Feb,,,
Dapper-Confidence986,2026-03-24 17:23:11,,,,,,,,11 Mar,
curious4931,2026-03-24 17:27:33,25 Jan,,,,,,,,
PartyDot3774,2026-03-24 18:04:25,5 Nov,9 Jan,9 Jan,27 Feb,,,,,
r-jacob93,2026-03-24 18:19:30,5 Aug,,,,,29 Sep,,,
matcha_snowflake,2026-03-24 18:38:23,22 Jan,24 Mar,,,,,,,
Humble_Menu_7621,2026-03-24 19:07:02,5 Nov,,,,,,,,
Fit-Cheesecake-5833,2026-03-24 19:18:23,9 Oct,12 Nov,,,,,,,
CalligrapherNo7401,2026-03-24 19:44:47,8 Aug,16 Oct,9 Oct,23 Oct,23 Oct,,,,
Money-Ladder7829,2026-03-24 20:38:47,30 Jan,,,,,,,,
Known-Ambassador-325,2026-03-24 20:56:48,4 Feb,,,,,,,,
no-pr0blem,2026-03-24 21:31:47,18 Nov,,,15 Nov,,,,,
Willing-Substance-16,2026-03-25 04:58:13,9 Aug,28 Aug,28 Aug,21 Oct,28 Aug,4 Nov,1 Jan,,12 Nov
